lang	byte_premium	original_mb	scaled_mb
aai_latn	1.175442847	1.16156	0.9881892624
aak_latn	2.277184521	2.342025	1.028473968
aau_latn	1.551029691	1.472863	0.9496033561
aaz_latn	1.680613015	1.967371	1.170627017
abk_cyrl	2.014757281	52.099327	25.85886027
abp_latn	1.331510137	1.210666	0.9092427961
abq_cyrl	1.61816775	1.246982	0.7706135533
abt_latn	1.877271377	3.760333	2.003084395
abx_latn	1.359783776	1.287791	0.9470557178
aby_latn	1.338780828	1.386609	1.035725169
acd_latn	1.710619186	1.643086	0.9605212039
ace_latn	1.241956888	90.715651	73.0425121
acf_latn	1.15712098	1.169902	1.011045535
acm_arab	1.550152569	4.06424	2.621832251
acr_latn	1.54049736	5.385722	3.496092976
acu_latn	1.435962607	1.919643	1.336833557
adj_latn	1.191613906	1.165121	0.9777672064
ady_cyrl	1.806684783	30.118938	16.67083173
aeb_arab	1.52771409	1.858873	1.216767595
aer_latn	2.347966904	2.782503	1.185069089
aeu_latn	1.872473772	1.726141	0.9218505625
aey_latn	1.196973783	1.363052	1.138748417
afb_arab	1.374141124	20.160317	14.67121291
afr_latn	1.03722598	5345.560956	5153.709083
agd_latn	1.482487257	1.446305	0.975593546
agg_latn	1.909032936	1.892206	0.991185623
agm_latn	2.530698727	2.685314	1.061095883
agn_latn	1.409972343	1.255802	0.8906571865
agr_latn	1.243886997	2.756436	2.215985863
agt_latn	1.412402002	1.331282	0.9425659254
agu_latn	1.454138191	3.554212	2.444205112
aia_latn	1.384452927	1.309675	0.9459873821
aii_syrc	1.896699504	2.102863	1.108695919
aka_latn	1.574942782	83.773659	53.19155716
ake_latn	1.375145711	1.293422	0.9405708716
akh_latn	1.974444013	2.059839	1.043250144
akp_latn	1.131448424	1.089559	0.9629771688
alp_latn	1.264327673	1.272953	1.006822066
alq_latn	1.476720532	1.400789	0.9485809736
als_latn	1.167247178	413.754199	354.4700788
alt_cyrl	1.856580455	23.914718	12.88105664
aly_latn	1.581854129	1.610049	1.017823939
ame_latn	2.212100295	2.03733	0.9209935031
amf_latn	1.169561839	1.095808	0.9369389146
amh_ethi	1.720917143	1918.499105	1114.812013
amk_latn	1.405705012	1.345745	0.9573452385
amm_latn	1.541674476	1.412634	0.9162984936
amn_latn	1.260110626	2.228809	1.768740739
amp_latn	1.463342552	1.442969	0.986077387
amr_latn	1.715478503	1.68423	0.9817843809
amu_latn	1.865289936	1.831764	0.982026421
ang_latn	1.289057339	9.69602	7.521791085
anv_latn	1.554227332	1.508094	0.9703175134
anw_latn	1.205181947	2.458757	2.040154191
any_latn	1.532182122	1.49258	0.9741531236
aoi_latn	1.434760602	1.303385	0.9084337823
aoj_latn	1.574274874	3.045082	1.934275933
aom_latn	1.767342461	1.64487	0.9307024735
aon_latn	1.789721378	1.832678	1.024001849
apb_latn	1.525677127	1.468488	0.9625155769
apc_arab	1.473448613	10.764865	7.305897813
ape_latn	1.729238189	3.605727	2.085153464
apn_latn	2.568499006	2.463168	0.9589912218
apr_latn	1.74664122	1.702283	0.9746037025
apu_latn	1.445422962	1.439123	0.9956414405
apw_latn	1.500740555	1.477467	0.984491953
apy_latn	1.501030834	4.959739	3.30422193
apz_latn	2.015894494	1.999028	0.9916332457
arb_arab	1.465017978	11617.62357	7930.021161
are_latn	1.471838358	1.360691	0.9244839915
arg_latn	1.192925647	57.223671	47.96918497
arl_latn	1.80293479	1.937608	1.074696662
arn_latn	1.340611643	2.350749	1.753489918
arq_arab	1.410136911	1.411663	1.001082228
ary_arab	1.541968925	4.015028	2.60383198
arz_arab	1.551170046	196.934662	126.9587835
asm_beng	2.526329303	950.852447	376.3770803
aso_latn	1.974631437	1.96678	0.9960238469
ast_latn	1.748880208	419.860669	240.0740011
ata_latn	1.535052913	1.818159	1.184427575
atb_latn	1.513174556	1.415176	0.93523645
atd_latn	1.562892277	1.589297	1.016894781
atg_latn	1.293442436	1.27165	0.9831515996
att_latn	1.63302096	1.6886	1.034034493
auc_latn	2.260160911	2.218304	0.9814805615
auu_latn	1.588980823	1.57363	0.9903392018
auy_latn	1.472642911	1.441588	0.9789121241
ava_cyrl	1.938794023	66.47053	34.28447231
avt_latn	1.439587667	1.502518	1.043714137
avu_latn	2.842291605	2.739484	0.9638293253
awa_deva	2.70147869	7.066323	2.615724131
awb_latn	1.357036411	1.339672	0.9872041672
aym_latn	1.213786361	38.546157	31.75695349
ayr_latn	1.097680523	31.803659	28.97351127
ayz_latn	1.350101712	1.367973	1.013236994
azb_arab	1.490422093	171.342642	114.9624947
azb_latn	1.047806907	3.982787	3.801069618
aze_arab	1.198662364	361.235634	301.3656264
aze_cyrl	1.818803281	35.813647	19.69077545
aze_grek	1.544387288	3.664425	2.372737091
aze_latn	1.29878361	4915.087868	3784.377805
aze_thaa	1.498563109	2.002517	1.336291403
azg_latn	2.008747229	2.0793	1.035122772
azj_latn	1.076115956	165.155808	153.4739887
azz_latn	1.940211652	2.004472	1.033120277
bak_cyrl	2.27194034	975.692263	429.453294
bak_latn	1.19129188	9.347874	7.846837667
bam_latn	1.256878532	16.932942	13.47221833
ban_latn	1.269543636	41.859793	32.97231527
bao_latn	1.632378688	1.559983	0.955650188
bar_latn	1.129561954	33.197205	29.38945038
bas_latn	1.358810039	1.549067	1.140017336
bba_latn	1.133009531	4.422999	3.903761512
bbb_latn	1.518513863	2.104078	1.38561659
bbc_latn	1.332303573	9.720359	7.295904027
bbr_latn	1.332104409	1.34651	1.010814161
bcc_arab	1.694173847	1.405985	0.8298941708
bch_latn	1.269173276	1.722182	1.356932133
bcl_latn	1.218848876	13.296949	10.90943206
bco_latn	2.112813421	2.35559	1.114906776
bcw_latn	1.885385477	1.77392	0.940879211
bdd_latn	1.485481475	1.391023	0.9364122161
bdh_latn	1.982537542	2.228507	1.124067995
bds_latn	1.488873397	1.381084	0.9276033831
bdv_orya	3.201673105	2.866705	0.8953771687
bef_latn	1.643180727	1.709178	1.040164342
bel_cyrl	2.007901403	5237.322528	2608.356426
bem_latn	1.155237492	41.688386	36.08642057
ben_beng	2.430759774	4501.803839	1852.015114
ben_latn	1.182569495	1.086948	0.9191409088
beo_latn	1.239311101	4.784321	3.860468123
ber_latn	1.250823658	41.405812	33.10283726
bew_cyrl	1.740538562	41.949772	24.10160448
bew_latn	1.300925888	17.337753	13.32724112
bex_latn	1.461468309	1.85937	1.272261594
bfd_latn	1.760574615	1.743354	0.9902187531
bfz_deva	2.426879386	2.295412	0.945828628
bgc_deva	2.517583598	2.455557	0.9753626461
bgg_latn	1.252087952	1.224634	0.9780734636
bgp_latn	1.288416545	8.660593	6.721889001
bgs_latn	1.408326667	1.628774	1.156531392
bgt_latn	1.43079701	1.405267	0.9821567911
bhd_deva	2.712923133	2.531161	0.9330013701
bhl_latn	1.885303193	2.231625	1.18369555
bho_deva	2.515275311	64.224622	25.5338339
bht_deva	2.730591301	2.654533	0.9721458495
bib_latn	1.161324313	1.189331	1.024116163
big_latn	1.926280542	1.595716	0.8283923163
bih_deva	2.558676782	8.078299	3.157217456
bik_latn	1.272069912	27.868905	21.90831238
bim_latn	1.081474709	3.880526	3.588180073
bis_latn	1.278963868	1.921168	1.50212844
biv_latn	1.094870974	1.088039	0.9937600191
bjk_latn	1.342236749	1.349232	1.005211637
bjn_latn	1.166394033	111.715098	95.77818031
bjp_latn	1.14522868	1.106526	0.9662052822
bjr_latn	1.71757217	2.710601	1.57815843
bjv_latn	1.298454892	1.248757	0.9617253612
bjz_latn	1.52323604	1.490057	0.9782180574
bkd_latn	1.207220406	1.083599	0.8975983131
bki_latn	1.953226212	1.975519	1.011413316
bkq_latn	1.635160339	1.572587	0.9617325974
blr_latn	1.457891248	1.357919	0.9314268138
blt_latn	2.145489246	2.107632	0.9823549589
blw_latn	1.557463829	1.55865	1.000761604
blx_latn	1.210461475	1.174503	0.9702935816
blz_latn	1.31117003	1.231236	0.9390361066
bmh_latn	1.319873831	1.379947	1.045514327
bmo_latn	1.289069964	1.272843	0.9874118826
bmr_latn	1.255431876	1.231694	0.9810918645
bmu_latn	1.687019725	2.009739	1.191295496
bno_latn	1.401492537	1.782722	1.272016763
bnp_latn	1.179531896	2.084449	1.767183242
boa_latn	1.604850175	1.465079	0.9129070257
bod_tibt	2.616914857	470.45503	179.7746796
boj_latn	1.497821764	1.364351	0.9108900891
bon_latn	1.552981646	1.542861	0.9934830872
bor_latn	1.777118237	1.663067	0.9358223698
bos_cyrl	1.148940187	2813.962442	2449.180971
bos_latn	0.9699882939	1032.782444	1064.737018
bov_latn	1.186919156	1.173755	0.98890897
box_latn	1.607517542	1.537362	0.9563578374
bpr_latn	1.114708235	1.009103	0.9052619944
bps_latn	1.105039885	1.53068	1.385180771
bpy_beng	2.330506839	28.736283	12.33048645
bqc_latn	0.976139974	7.143905	7.318525202
bqj_latn	1.07267491	1.27027	1.184207804
bqp_latn	1.011183744	3.394732	3.35718609
brb_khmr	2.689133325	1.74228	0.6478964743
bre_latn	1.01282485	181.175711	178.8815815
bru_latn	1.432764965	5.277655	3.683545542
bsb_latn	1.308722105	12.246413	9.357535077
bsc_latn	1.233455235	1.454435	1.179155075
bsn_latn	1.908568947	1.663355	0.8715194715
bss_latn	1.589474526	1.59621	1.004237548
btk_latn	1.344567008	4.782213	3.556693696
bts_latn	1.297242351	3.732684	2.87739912
btx_latn	1.298569625	5.449389	4.196455005
bua_cyrl	1.701900789	73.655981	43.27865731
bug_latn	1.22786025	13.565272	11.04789572
buk_latn	1.322353775	1.344917	1.017062926
bul_cyrl	1.812315686	9690.457568	5347.003086
bul_latn	1.206296891	3.999333	3.315380342
bus_latn	1.024221161	2.398881	2.342151374
bvd_latn	1.614701378	1.551924	0.9611213697
bvr_latn	2.064832804	1.999002	0.9681180947
bwu_latn	1.33699344	1.315755	0.9841147762
bxr_cyrl	1.588863716	45.095793	28.38241729
byr_latn	1.905983863	2.147162	1.126537345
byx_latn	1.750899408	1.808182	1.032716095
bzd_latn	1.353377066	2.116678	1.563997243
bzh_latn	1.356307284	1.367106	1.007961851
bzi_thai	3.705172453	2.995512	0.8084676322
bzj_latn	1.344214257	1.07537	0.7999989544
caa_latn	1.82887934	2.772324	1.515859433
cab_latn	1.361783731	5.730966	4.208425956
cac_latn	1.429992457	5.210732	3.643887752
caf_latn	1.363054559	1.360348	0.9980143429
cak_latn	1.82231949	16.456127	9.030319376
cam_latn	1.28308153	1.205459	0.9395030416
cao_latn	1.418806427	1.393868	0.9824229532
cap_latn	1.67787022	1.685429	1.004504985
car_latn	1.212760851	1.133318	0.9344942155
cat_latn	1.092622079	4214.149439	3856.914041
cav_latn	1.81569107	1.701477	0.9370960887
cax_latn	1.441953327	1.429553	0.9914003271
cbc_latn	2.195497246	1.993977	0.9082120251
cbi_latn	1.348053759	1.747114	1.296026949
cbk_latn	1.455178167	3.07709	2.114579554
cbr_latn	1.663223698	1.830355	1.100486364
cbs_latn	1.378450778	1.380831	1.001726737
cbt_latn	1.520714955	1.773773	1.166407284
cbu_latn	1.629889603	3.37416	2.070177019
cbv_latn	1.989972801	1.846166	0.9277342882
cce_latn	1.276399042	1.191478	0.933468266
cco_latn	2.631452995	2.551058	0.9694484396
cdo_latn	1.252225653	2.100038	1.677044385
ceb_latn	1.113380333	668.38647	600.3217859
cek_latn	1.164782519	4.510635	3.872512616
ces_latn	1.035849214	8247.965087	7962.515178
cfm_latn	1.323887964	20.746599	15.67096277
cgc_latn	1.465406505	1.42804	0.9745009287
cha_latn	1.005929007	1.931803	1.920416835
chd_latn	1.383250669	1.452797	1.050277461
che_cyrl	1.831603287	171.739169	93.76439221
chf_latn	1.352122237	1.392617	1.02994904
chk_latn	1.162135723	4.215342	3.627237264
chm_cyrl	1.756255296	96.436803	54.91046957
chq_latn	1.535238052	1.527828	0.9951733531
chr_cher	1.74952435	2.493765	1.425395994
chv_cyrl	1.796969484	516.13299	287.2241262
chz_latn	1.9199904	1.78604	0.9302338178
cje_latn	1.61054833	1.618658	1.005035347
cjk_latn	1.170350075	14.447754	12.34481401
cjo_latn	1.661662591	1.645196	0.990090292
cjv_latn	1.467756166	1.592553	1.08502559
ckb_arab	1.651286029	1589.300096	962.4620251
cko_latn	1.25332221	1.192705	0.9516347755
ckt_cyrl	0.7	3.816905	5.452721429
cle_latn	2.256951841	2.117355	0.9381480639
clu_latn	1.34051336	1.268602	0.9463553575
cme_latn	1.257696967	1.215353	0.9663321387
cmn_hani	0.9156280335	2.236898	2.443020439
cmn_hans	0.825935407	13.07285	15.82793266
cmn_hant	0.826207401	6.583084	7.967834701
cmo_khmr	3.902383946	3.07295	0.7874545515
cmo_latn	1.615725355	1.55597	0.9630163909
cnh_latn	1.323849924	48.340028	36.51473413
cni_latn	1.404269617	1.800581	1.282218869
cnl_latn	2.15867523	2.051043	0.9501396836
cnt_latn	1.985593472	1.959262	0.9867387396
coe_latn	1.824925145	1.640786	0.8990976997
cof_latn	1.472373203	1.40556	0.9546221007
cok_latn	2.194162419	2.53409	1.154923618
con_latn	1.25011314	1.497194	1.197646799
cop_copt	2.137464287	5.937759	2.777945361
cor_latn	1.215014217	8.645504	7.115557889
cos_latn	1.176702158	548.927153	466.4962575
cot_latn	1.756531279	1.702217	0.9690786725
cou_latn	1.137478001	1.296538	1.139835671
cpa_latn	1.764752806	1.663529	0.9426413684
cpb_latn	1.225128568	1.230799	1.004628438
cpc_latn	1.229322758	1.237682	1.006799876
cpu_latn	1.278553633	1.289087	1.008238502
cpy_latn	1.386758754	1.767604	1.274629776
cre_latn	1.313918346	1.344563	1.023323104
crh_cyrl	1.89497331	12.019329	6.342743158
crh_latn	1.312089034	63.241917	48.19940978
crj_cans	2.443073301	2.384748	0.9761262583
crl_cans	2.600738269	2.544618	0.9784214084
crn_latn	2.661317456	2.590281	0.9733077856
crs_latn	1.319917177	6.229374	4.719518851
crx_latn	1.361374597	1.565219	1.149734249
csb_latn	1.182431569	3.502163	2.961831443
cso_latn	2.296710932	2.155356	0.9384533203
csy_latn	1.056389568	1.783092	1.687911405
cta_latn	2.345461818	2.343727	0.9992603512
ctd_latn	1.295581309	52.957606	40.87555573
cth_latn	1.103364495	4.213899	3.819135942
ctp_latn	2.204445613	2.25439	1.022656212
ctu_latn	1.548170328	4.233903	2.734778547
cub_latn	1.779392471	1.783198	1.002138668
cuc_latn	1.758112957	1.614642	0.9183949152
cui_latn	2.207405545	2.081104	0.9427828089
cuk_latn	1.313505977	6.098455	4.642883327
cul_latn	2.035267765	1.76017	0.8648346081
cut_latn	1.408136957	1.372775	0.9748874164
cux_latn	1.969431556	2.022879	1.027138513
cwe_latn	1.03854769	1.787918	1.721555993
cya_latn	1.283022102	1.249634	0.9739769861
cym_latn	1.026556848	1863.765062	1815.549783
daa_latn	1.153978195	1.118338	0.9691153653
dad_latn	1.069127563	1.049906	0.9820212633
daf_latn	2.131939841	2.154262	1.010470351
dah_latn	1.541128203	1.636681	1.062001848
dan_latn	1.021065783	7787.480901	7626.816051
dao_latn	1.048757743	1.028084	0.9802873989
dar_cyrl	2.015493724	38.286045	18.99586416
ded_latn	1.164485383	1.473957	1.265758267
des_latn	1.60089598	1.593787	0.9955593742
deu_latn	1.053648018	9747.756425	9251.435262
dgc_latn	1.274101163	1.160796	0.9110705129
dgr_latn	1.444737263	1.653478	1.144483528
dgz_latn	1.227818793	1.158135	0.9432458654
did_latn	1.515572215	1.453856	0.9592786049
dif_latn	1.238282554	1.131483	0.9137518706
dig_latn	1.05197824	4.016809	3.818338486
dik_latn	1.123839426	13.359449	11.887329
din_latn	1.241578901	15.218705	12.25754158
diq_latn	0.9584231474	37.828537	39.46955695
div_thaa	1.997934845	1334.076851	667.7279062
djk_latn	1.403510777	3.030506	2.15923244
djr_latn	2.670320678	2.752579	1.030804661
dnj_latn	1.859166648	1.895052	1.019301848
dob_latn	1.466231629	1.338552	0.9129198781
dop_latn	1.791593365	3.971735	2.216873024
dov_latn	0.989047107	8.394066	8.48702346
dsb_latn	1.140810566	2.572046	2.254577646
dso_orya	3.006134717	2.985639	0.9931820364
dtp_latn	1.305739422	2.987336	2.287850048
dty_deva	2.580265472	4.883121	1.892487829
dud_latn	1.498276611	1.4944	0.99741262
due_latn	1.304834175	1.201407	0.9207353877
duo_latn	1.423887454	1.379039	0.9685028098
dwr_ethi	1.475749126	1.411039	0.9561509983
dwr_latn	1.156193001	1.109262	0.9594090252
dww_latn	1.379753606	1.34679	0.9761090633
dyi_latn	1.359226075	5.479579	4.031396322
dyu_latn	1.15445855	14.219491	12.31702169
dzo_tibt	3.261842241	56.919097	17.44998464
ebk_latn	1.311464881	1.296558	0.988633412
egl_latn	1.214414268	1.642139	1.352206609
ekk_latn	0.993591004	62.468871	62.87181622
ell_grek	1.967262375	12838.69513	6526.173274
ell_latn	1.238882746	505.596764	408.1070348
emi_latn	1.326659962	1.301852	0.9813004367
eml_latn	1.281032842	4.868428	3.800392809
emp_latn	1.370585815	2.245797	1.638567228
ena_latn	2.267600741	2.817027	1.24229409
eng_latn	1	10713.46718	10713.46718
enq_latn	1.438529405	2.67935	1.862561857
epo_latn	0.9954937917	1443.197376	1449.730162
eri_latn	1.49150648	1.531425	1.026763893
ese_latn	2.03681973	2.090704	1.0264551
esk_latn	1.207151837	1.21272	1.004612645
est_latn	0.9677856419	2755.308737	2847.023781
eus_latn	1.059583723	4356.307022	4111.338187
evn_cyrl	1.880011284	4.714583	2.507741863
ewe_latn	1.078257744	72.611321	67.34133968
ext_latn	1.216909349	3.363687	2.764122901
faa_latn	1.675890837	1.756555	1.048132111
fai_latn	1.458019245	1.435452	0.9845219841
fao_latn	1.155644359	495.745285	428.9773764
far_latn	1.456149574	1.378336	0.9465621009
fas_arab	1.590775443	2619.356617	1646.591057
fij_latn	1.210673556	46.335028	38.2721071
fil_latn	1.328161865	4214.647913	3173.293877
fin_latn	1.05886439	7377.156552	6967.045658
fip_latn	1.278028827	5.881536	4.602037039
flr_latn	1.241960184	4.733624	3.811413652
fon_latn	1.541191249	65.528382	42.5180081
for_latn	1.27837078	1.235577	0.9665247511
fra_latn	1.173979035	9812.928836	8358.691719
frd_latn	1.3762634	1.369751	0.995268057
frp_latn	1.189308553	3.237631	2.722280094
frr_latn	1.169852216	7.058791	6.033916853
fry_latn	1.23134294	637.59917	517.8079553
fuh_latn	1.029571895	2.003898	1.946341008
ful_latn	1.258383084	31.599454	25.11115605
fur_latn	1.067269167	22.760207	21.3256484
fuv_arab	1.964099106	1.804474	0.9187285888
fuv_latn	1.110831498	24.104509	21.69951882
gag_latn	1.236979087	6.206984	5.017856862
gah_latn	1.496886928	1.464992	0.9786924935
gai_latn	1.635224338	1.707762	1.044359456
gam_latn	1.184715778	1.193269	1.00721964
gan_hant	0.7487619733	2.313139	3.089284823
gaq_orya	3.335686041	3.130243	0.9384105583
gaw_latn	1.456791845	1.431897	0.9829111859
gaz_latn	1.332217666	107.56195	80.73902089
gbm_deva	2.514509755	1.138826	0.4529018024
gde_latn	1.39632237	1.33243	0.9542423932
gdg_latn	1.223016617	1.187155	0.9706777353
gdn_latn	1.824417728	1.734595	0.9507663587
gdr_latn	1.651514251	1.623127	0.9828113799
geb_latn	1.694386414	1.756187	1.036473726
gfk_latn	1.371998354	4.253378	3.100133457
ghs_latn	1.218669288	1.195527	0.9810101984
gla_latn	0.9936126744	604.123529	608.0070681
gle_latn	1.975875656	2114.061315	1069.936414
glg_latn	1.059078607	2020.886028	1908.154894
glk_arab	1.682310821	170.445111	101.3160641
glv_latn	1.224310206	8.676007	7.086445053
gmv_ethi	1.373756028	1.346965	0.9804979724
gmv_latn	0.970871523	1.872328	1.928502336
gng_latn	1.168627003	1.121118	0.9593463074
gnn_latn	2.870096684	4.735741	1.650028386
gnw_latn	1.287394574	1.180645	0.9170809197
gof_ethi	1.352241092	1.280945	0.9472756061
gom_deva	1.736906273	22.832395	13.14543873
gom_latn	1.2133745	13.954135	11.50027053
gor_latn	1.174690305	2.030224	1.728305743
gqr_latn	1.350193138	1.332137	0.9866269962
grc_grek	1.76699504	432.226055	244.6107913
gri_latn	1.441311056	5.324612	3.694283741
grn_latn	0.992314188	63.486178	63.97790011
gsw_latn	1.142566025	164.298866	143.7981372
gub_latn	1.714577953	5.884464	3.432018935
guc_latn	1.823976595	1.619422	0.8878524014
gug_latn	1.347975623	1.025999	0.7611406191
guh_latn	2.338341981	2.132329	0.9118978393
gui_latn	1.269168705	1.177944	0.9281224753
guj_cyrl	1.82540304	1.960861	1.074207152
guj_deva	2.283611901	10.604597	4.643782507
guj_gujr	2.162862919	5494.165279	2540.228153
guj_latn	1.190454087	131.062808	110.0948028
gul_latn	1.189881374	1.182938	0.9941646502
gum_latn	1.442243606	1.720376	1.192847029
gun_latn	1.109206647	4.486312	4.044613339
guo_latn	1.738117986	1.674305	0.9632861598
gup_latn	1.700882266	3.08028	1.810989544
gux_latn	0.988564833	1.91531	1.937465239
gvc_latn	1.608582661	1.730884	1.076030497
gvf_latn	1.34900688	1.422688	1.054618787
gvn_latn	1.464604238	1.772122	1.209966456
gvr_deva	2.755669585	4.345162	1.576808056
gvs_latn	1.361207744	1.699496	1.248520667
gwi_latn	1.49886174	1.548379	1.033036576
gwr_latn	1.268286439	1.235602	0.9742294501
gym_latn	1.896043519	1.573674	0.8299777849
gyr_latn	1.282994674	1.252935	0.9765706946
hak_latn	1.201770952	2.099088	1.746662287
hat_latn	0.9657950702	815.47744	844.358669
hau_latn	1.176529442	1320.928333	1122.732918
haw_latn	1.114669379	325.768208	292.2554563
hbo_hebr	1.349251405	3.555727	2.635333183
hbs_cyrl	1.962529037	1406.130142	716.4888343
hbs_latn	1.239772296	5210.644887	4202.904761
hch_latn	1.280574158	1.772014	1.383765234
heb_hebr	1.355477183	8753.963151	6458.215055
heg_latn	1.494340701	1.765615	1.181534438
hif_latn	1.281123121	56.143356	43.82354442
hil_latn	1.351057958	49.548596	36.67392336
hin_deva	2.370151128	7587.397624	3201.229464
hin_latn	1.255306654	199.395207	158.8418307
hix_latn	2.224719435	1.96224	0.8820168373
hla_latn	1.409375786	1.339304	0.9502816873
hlt_latn	1.047852621	6.123932	5.844268437
hmn_latn	1.18983824	462.093487	388.3666462
hmo_latn	1.311302599	2.264796	1.727134532
hne_deva	2.165410702	19.126592	8.832777997
hns_latn	1.190112226	1.208066	1.015085782
hop_latn	1.222847478	1.180204	0.9651277213
hot_latn	1.314911659	1.226868	0.933042149
hoy_deva	2.565376791	2.404987	0.9374790512
hre_latn	1.083881511	4.377397	4.038630566
hrv_latn	0.989672823	7203.40102	7278.568081
hsb_latn	1.124658236	12.316524	10.95134825
hto_latn	1.464649951	1.573956	1.07462947
hub_latn	1.353050216	1.269139	0.9379836646
hui_latn	1.405387305	2.517985	1.791666248
hun_latn	1.01995535	7359.247069	7215.263954
hus_latn	1.60400448	2.95575	1.842731761
huu_latn	1.37724852	1.2793	0.9288810127
huv_latn	1.370510388	1.377986	1.005454619
hvn_latn	1.346511296	1.25236	0.9300776041
hwc_latn	1.194105278	5.096856	4.268347267
hye_armn	1.724226492	1931.734637	1120.348542
ian_latn	1.434534068	1.476601	1.029324457
iba_latn	1.298224214	27.537421	21.21160636
ibl_latn	1.572169779	1.480134	0.9414593893
ibo_latn	1.345020968	565.408935	420.3718368
ido_latn	1.17576321	32.515966	27.65519938
ifa_latn	1.226774245	4.478715	3.650806184
ifb_latn	1.268318438	4.790412	3.776978917
ifk_latn	1.138136271	4.228534	3.715314333
ifu_latn	1.374636008	1.270431	0.9241944723
ify_latn	1.263445407	4.604693	3.644552408
ign_latn	1.892009326	1.754298	0.9272142457
ikk_latn	1.353598775	1.354798	1.000885953
iku_cans	2.158751414	165.044775	76.45381211
ikw_latn	1.087803707	1.048338	0.9637198267
ile_latn	1.214615138	4.267199	3.513210783
ilo_latn	1.07650844	111.26278	103.3552324
imo_latn	1.703780485	1.709878	1.003578815
ina_latn	1.238452493	27.232624	21.98923588
inb_latn	1.55175196	1.521952	0.9807959257
ind_latn	1.178746238	7820.134052	6634.281241
inh_cyrl	1.700418497	17.138839	10.07918876
ino_latn	1.694317844	1.700086	1.003404412
iou_latn	1.594123563	2.435511	1.527805659
ipi_latn	1.949781719	1.918151	0.9837773025
iqw_latn	1.405988435	5.50015	3.911945407
isd_latn	1.391897328	1.795075	1.289660497
isl_latn	1.154319145	2652.490757	2297.883362
iso_latn	1.483217547	14.130347	9.526820278
ita_latn	1.066886932	10156.691	9519.93196
ium_latn	1.350416571	7.370635	5.458045436
ivb_latn	1.375458847	2.972082	2.16079311
ivv_latn	1.172320633	1.300968	1.109737356
iws_latn	2.104932459	2.304686	1.094897839
ixl_latn	1.51161802	5.761184	3.811269728
izz_latn	1.380336449	5.440954	3.941759275
jaa_latn	1.258270668	1.164298	0.9253160148
jac_latn	1.563216841	1.519075	0.9717621767
jae_latn	1.18410322	2.713122	2.291288423
jam_latn	1.153345444	1.092464	0.9472131748
jav_latn	1.146845795	564.409664	492.1408499
jbo_latn	1.284031149	5.32854	4.149852598
jib_latn	1.317599598	1.309775	0.9940614751
jic_latn	1.719037279	1.652837	0.9614899108
jiv_latn	1.195849238	1.199886	1.003375645
jpn_jpan	1.321973899	13589.55813	10279.74769
juy_orya	3.679893031	2.904963	0.789415066
jvn_latn	1.30806153	1.392241	1.064354366
kaa_cyrl	1.920886208	2958.875197	1540.369849
kaa_latn	1.22736123	225.045941	183.3575443
kab_latn	1.028599141	47.612545	46.28872718
kac_latn	1.345469973	18.905562	14.0512701
kal_latn	1.341175059	197.381416	147.1705089
kam_latn	1.217599867	5.57628	4.579731119
kan_knda	2.641985282	8328.490446	3152.360652
kan_latn	1.227726425	1.118573	0.911093039
kaq_latn	1.221220086	1.232088	1.008899226
kas_arab	1.776246006	5.514733	3.1047124
kas_deva	2.525878379	17.920067	7.094588224
kat_geor	4.338956454	5802.380019	1337.275467
kat_latn	1.200493595	7.791251	6.490039623
kaz_cyrl	1.764638392	3474.276616	1968.832046
kbc_latn	1.770160682	1.832139	1.03501282
kbd_cyrl	1.783468787	70.578252	39.57358409
kbh_latn	1.654403328	1.765258	1.067005832
kbm_latn	1.56442367	1.532427	0.9795473115
kbo_latn	1.918587004	2.288615	1.192864851
kbp_latn	1.441209593	23.276693	16.15080354
kbq_latn	1.259916345	5.346416	4.243469038
kde_latn	1.227242806	1.174523	0.9570420737
kdl_latn	1.161322027	1.223675	1.053691372
kea_latn	0.781652324	12.69672	16.24343664
kek_latn	1.44524468	6.916566	4.785740502
ken_latn	1.479959315	1.468115	0.9919968645
kew_latn	1.2431373	1.504726	1.210426234
key_telu	3.443635574	3.182186	0.9240774558
kfc_telu	3.080898722	3.06917	0.9961930842
kfw_latn	1.182436973	1.1495	0.9721448384
kgf_latn	1.26549336	1.567875	1.23894368
kgk_latn	1.761939156	1.819311	1.032561762
kgp_latn	1.588135128	1.574901	0.9916668753
kha_latn	1.303114193	29.496618	22.63548212
khk_cyrl	1.801810967	197.707655	109.7271904
khm_khmr	3.903484241	3231.936768	827.962038
khs_latn	1.736070033	1.813336	1.04450625
khz_latn	1.23763114	1.260412	1.018406825
kij_latn	1.093330438	4.733172	4.329132196
kik_latn	1.292947561	11.092857	8.579510367
kin_latn	1.133982717	966.781376	852.5538897
kir_cyrl	1.963770708	2585.789805	1316.747314
kiz_latn	1.103508491	1.057003	0.9578566985
kje_latn	1.317336747	1.384477	1.050966659
kjh_cyrl	1.926386897	12.751489	6.619381091
kjl_deva	2.633468949	2.288263	0.8689158841
kjs_latn	1.308315239	1.355231	1.035859676
kkc_latn	1.523697744	1.021728	0.6705581891
kkj_latn	1.46355969	1.463139	0.999712557
klv_latn	1.237142008	1.242262	1.004138565
kma_latn	1.328502206	1.294721	0.9745719609
kmb_latn	1.132798568	13.13112	11.59175194
kmh_latn	1.582500971	2.846576	1.798783099
kmk_latn	1.221213229	1.207857	0.9890631475
kmo_latn	1.257491257	1.258315	1.000655069
kmr_latn	1.034619587	56.768421	54.86888294
kms_latn	1.351815958	1.353145	1.000983153
kmu_latn	1.705691298	1.635313	0.9587391352
knb_latn	1.158325524	1.165327	1.00604448
knc_arab	2.50197962	607.257263	242.7107152
knc_latn	1.176891381	12.141408	10.31650686
kne_latn	1.200057142	2.367516	1.972836057
knf_latn	1.014438527	1.19089	1.173940035
knj_latn	1.515263651	1.457591	0.9619388672
knv_latn	1.725421133	2.916342	1.690220401
kog_latn	1.650307422	1.517844	0.919734093
koi_cyrl	1.382110442	4.539599	3.284541425
kom_cyrl	1.614292695	32.8192	20.33038996
kon_latn	1.230994587	14.670149	11.91731398
kor_hang	1.293311204	9807.348108	7583.130862
kos_latn	1.069696693	4.014339	3.752782472
kpf_latn	1.188626546	1.19471	1.005118053
kpg_latn	1.389904231	6.37672	4.587884444
kpj_latn	1.183362666	1.145172	0.9677269977
kpr_latn	1.549397728	1.522066	0.9823597728
kpv_cyrl	1.671354249	10.227395	6.119226374
kpw_latn	1.535066627	1.545901	1.007057917
kpx_latn	1.227197093	1.180154	0.9616662285
kqc_latn	1.081860986	1.048332	0.9690080459
kqe_latn	1.39045279	1.59281	1.145533319
kqp_latn	1.250396562	1.250705	1.000246672
krc_cyrl	1.865302377	42.221944	22.63544213
kri_latn	1.320383401	3.613694	2.736852036
krj_latn	1.346648077	1.311075	0.9735839841
ksc_latn	1.162768851	1.162363	0.9996509616
ksd_latn	1.034940916	4.332496	4.186225448
ksh_latn	1.190825361	3.053711	2.564365103
ksr_latn	1.603327924	1.945328	1.21330638
ktj_latn	2.098018331	1.937561	0.9235195762
kto_latn	1.477723938	1.572639	1.064230578
kua_latn	1.257954911	5.589554	4.443365935
kud_latn	1.290601358	1.23315	0.9554848152
kue_latn	1.268460149	1.283727	1.012035736
kum_cyrl	1.964075989	23.646478	12.03949243
kup_latn	1.600861695	1.598377	0.9984479015
kur_arab	1.569891339	1625.579978	1035.472926
kur_latn	1.288322619	992.01919	770.008362
kus_latn	1.001460538	1.001148	0.9996879178
kvg_latn	1.578069073	1.49752	0.9489571943
kvn_latn	1.543962424	1.442214	0.9340991578
kwd_latn	1.659342644	1.610987	0.970858554
kwf_latn	1.822582341	2.037776	1.118070747
kwi_latn	1.18358209	1.236454	1.044671097
kwj_latn	1.474953715	1.539176	1.043541899
kxf_latn	1.320589244	1.289066	0.9761294103
kxv_orya	2.919848689	2.660205	0.9110763205
kxw_latn	1.614118534	1.566858	0.9707205307
kyb_latn	1.234408356	1.200673	0.9726708298
kyc_latn	1.39516811	3.039338	2.178474392
kyf_latn	1.274738863	1.233328	0.9675142382
kyg_latn	1.774521725	2.078017	1.171029337
kyq_latn	1.419402985	1.404926	0.989800652
kyu_kali	3.534610545	5.580278	1.578753282
kyu_latn	1.830593586	1.876989	1.025344464
kyz_latn	2.115871637	2.009873	0.9499030872
kze_latn	1.451900528	1.391248	0.9582254247
lac_latn	1.660058056	1.776002	1.069843307
lad_latn	1.252402258	3.820412	3.050467193
lao_laoo	2.706914388	1579.816435	583.622608
lat_latn	0.87538342	1266.184406	1446.434073
lav_latn	1.288843709	2035.570479	1579.377285
lbb_latn	1.188281411	1.177669	0.9910691096
lbe_cyrl	2.012712204	23.649839	11.75023382
lbj_tibt	3.277362803	3.316475	1.011934046
lbk_latn	1.234710064	1.425637	1.154633012
lbm_deva	2.312029439	2.210874	0.9562482046
lcm_latn	1.191389911	1.413474	1.186407562
lcp_thai	2.85448104	10.708165	3.751352645
leu_latn	1.243962424	1.250557	1.005301266
lex_latn	1.542451601	1.802445	1.168558546
lez_cyrl	1.829893752	18.947896	10.35464271
lfn_latn	1.301456056	7.318393	5.623234812
lgl_latn	1.436570593	1.385336	0.9643354853
lhi_latn	1.700470846	1.645729	0.9678078303
lid_latn	1.356247857	1.672098	1.232885266
lif_deva	4.170354963	3.027746	0.7260163768
lif_limb	2.880827131	2.747775	0.9538146076
lij_latn	1.14375901	33.594467	29.37198021
lik_latn	1.366211058	1.276517	0.934348315
lim_latn	0.997886276	148.379793	148.6940913
lin_latn	1.139208008	57.12376	50.14339754
lip_latn	1.304909602	1.292031	0.9901306558
lit_latn	1.030036841	3977.124292	3861.147615
llg_latn	1.563267125	1.834547	1.173533922
llu_latn	1.460147197	1.434092	0.9821557737
lmd_latn	1.201983955	1.153743	0.9598655583
lmo_latn	0.9431924587	122.037825	129.3880415
log_latn	1.950789696	1.738247	0.8910478682
loq_latn	1.157196407	1.104905	0.9548119864
lrc_arab	1.29045801	1.933764	1.49850982
lro_latn	1.293097301	1.27495	0.9859660205
ltg_latn	1.002770005	20.182804	20.12705196
ltz_latn	1.225348993	755.338402	616.427162
lua_latn	1.185565668	25.142044	21.20679156
lub_latn	1.296565957	13.776459	10.62534376
luc_latn	1.794834404	2.652919	1.478085663
lug_latn	1.217417428	167.627255	137.6908619
luo_latn	1.035745154	36.475923	35.21708295
lus_latn	1.168842547	267.108775	228.5241717
lvs_latn	1.206980036	43.733853	36.23411465
lwo_latn	1.376101118	1.313151	0.9542547294
lww_latn	1.857994103	1.923156	1.0350711
lzh_hant	0.7	12.695711	18.13673
maa_latn	1.639267674	1.589401	0.9695799077
mad_latn	1.285380683	10.163845	7.907264464
mag_deva	2.555403846	25.044236	9.800500236
mah_latn	1.329797952	2.258827	1.698624214
mai_deva	2.38980971	102.924044	43.06788258
maj_latn	1.444120134	1.346396	0.9323296368
mak_latn	1.350644682	4.843846	3.586321454
mal_latn	1.265435969	8.8179	6.968270397
mal_mlym	2.884868527	5389.097852	1868.056655
mam_latn	1.34382757	13.732095	10.2186436
maq_latn	1.662928847	1.557024	0.9363142643
mar_deva	2.479356527	8136.683349	3281.77221
mas_latn	1.471281217	3.028364	2.058317584
mau_latn	1.711021462	1.662445	0.9716096711
mav_latn	2.406555279	2.526972	1.050036964
maz_latn	1.542437887	1.93443	1.254138022
mbb_latn	1.358878364	3.6269	2.669039479
mbc_latn	1.850913122	1.854714	1.002053515
mbd_latn	1.515572215	1.453856	0.9592786049
mbh_latn	1.397172636	1.416271	1.013669294
mbi_latn	1.613352838	1.574381	0.9758441941
mbj_latn	1.628511348	1.528149	0.9383717233
mbl_latn	1.37669539	1.363845	0.990665771
mbs_latn	1.382562684	1.497962	1.083467692
mbt_latn	1.309133506	1.22217	0.9335717056
mca_latn	1.524328587	1.47704	0.9689774322
mcb_latn	1.558099243	1.435163	0.9210985799
mcd_latn	1.479527325	1.528975	1.033421265
mcf_latn	1.682958104	1.682436	0.9996897701
mco_latn	1.552517657	2.672857	1.72162744
mcp_latn	1.515894494	1.461128	0.96387183
mcq_latn	1.294742977	1.263201	0.9756384259
mcr_latn	1.717921876	1.739883	1.012783541
mcu_latn	1.400735983	1.345037	0.9602359162
mdf_cyrl	1.712267834	11.407859	6.662426737
mdm_latn	1.43485406	1.43931	1.0031055
mdy_ethi	1.627784508	6.467545	3.973219408
med_latn	1.520920665	1.484507	0.976058143
mee_latn	1.53067587	1.493004	0.9753887347
mek_latn	1.476754817	1.539035	1.042173679
meo_latn	1.276200961	7.412958	5.808613397
meq_latn	1.495593244	1.465059	0.979583858
met_latn	1.154229618	1.397373	1.210654256
meu_latn	1.026417682	4.228116	4.119293806
mfe_latn	1.271803452	2.031299	1.59717997
mfh_latn	1.408498091	1.457671	1.034911591
mfi_latn	1.43847912	1.712047	1.190178555
mfy_latn	1.261584878	1.237374	0.9808091565
mge_latn	1.42411602	1.37687	0.9668243181
mgh_latn	1.113355123	6.97278	6.262853474
mgq_latn	1.419030422	1.310331	0.9233988079
mhl_latn	1.490635643	1.574715	1.056405036
mhr_cyrl	1.810192209	54.778894	30.26136878
mib_latn	1.496914356	1.39682	0.9331328772
mic_latn	1.274023451	1.33953	1.051417067
mie_latn	1.580498731	1.465783	0.9274180176
mif_latn	1.47519371	1.44715	0.9809898118
mig_latn	1.552099381	1.457081	0.9387807365
mih_latn	1.35724212	1.342632	0.9892354358
mil_latn	2.364638523	2.116975	0.8952636859
mim_latn	2.24919659	2.252098	1.001289976
min_latn	0.949751483	74.244499	78.1725539
mio_latn	1.448460607	1.40702	0.9713898971
mir_latn	1.72913762	1.829974	1.058315995
mit_latn	1.771184659	1.74824	0.9870455862
miy_latn	2.397030925	2.081357	0.8683062777
miz_latn	1.52074924	1.48887	0.9790371488
mjc_latn	1.614287673	1.556295	0.9640753789
mkd_cyrl	1.834986754	3249.394856	1770.80017
mkl_latn	1.248789742	1.18983	0.952786494
mkn_latn	1.553937053	1.858054	1.195707379
mks_latn	2.102770222	1.947676	0.9262429055
mkw_cyrl	1.808563089	17.335354	9.585153046
mle_latn	1.438600261	1.509545	1.049315116
mlg_latn	1.266754162	986.582831	778.8273847
mlh_latn	1.490635643	1.574715	1.056405036
mlp_latn	1.475157139	1.456419	0.9872975302
mlt_latn	1.08846667	4318.07091	3967.113581
mlt_mlym	1.364530509	1.233325	0.903845676
mmn_latn	1.50555873	1.367212	0.9081093768
mmo_latn	1.440051656	1.44502	1.003450115
mmx_latn	1.353020502	1.646064	1.216584669
mna_latn	1.330186739	2.156731	1.621374606
mni_beng	3.010658291	15.322397	5.089384287
mni_latn	1.308123243	1.229297	0.939740966
mns_cyrl	1.982860003	4.742281	2.391636823
moa_latn	1.908959795	1.89405	0.992189571
mon_cyrl	1.783772557	4417.473866	2476.478208
mon_latn	1.181843271	63.357985	53.60946461
mop_latn	1.607791822	1.496195	0.9305900052
mos_latn	1.141292925	12.072718	10.5781064
mox_latn	1.417841878	1.497718	1.05633641
moz_latn	1.365559644	1.258716	0.9217583469
mpj_latn	1.444483082	1.142507	0.7909452275
mpm_latn	1.618676145	1.697813	1.048889863
mpp_latn	1.381250714	1.331552	0.9640190492
mps_latn	1.804393042	6.817004	3.778003928
mpt_latn	1.452739366	1.48597	1.022874464
mpx_latn	1.221620077	1.847866	1.512635585
mqb_latn	1.511750589	1.448398	0.9580932268
mqj_latn	1.192034468	1.193929	1.001589327
mri_latn	1.182543083	601.542865	508.6857921
mrj_cyrl	1.51492647	15.319233	10.11219574
mrr_deva	3.176416539	2.866722	0.9025019121
msa_latn	1.285705434	5336.712309	4150.804818
msb_latn	1.195124683	1.144234	0.9574180973
msi_latn	1.277078369	2.695817	2.110925269
msk_latn	1.541128203	1.460646	0.9477770877
msm_latn	1.261285456	1.194991	0.9474389753
msy_latn	1.401195401	5.781306	4.125981284
mta_latn	1.42411602	1.37687	0.9668243181
mto_latn	2.132655254	1.942158	0.9106760206
muh_latn	1.868005303	2.061709	1.103695475
mur_latn	1.254878746	1.448927	1.154635063
mus_latn	1.321850762	1.414757	1.070284968
mux_latn	2.081476995	2.010216	0.9657642169
muy_latn	1.523876026	1.442413	0.9465422222
mva_latn	1.36827044	1.412217	1.032118329
mvn_latn	1.606045576	1.699401	1.058127506
mwe_latn	1.168661288	1.129517	0.9665050187
mwf_latn	1.385484975	1.04434	0.7537721581
mwl_latn	1.241381732	10.934166	8.808060986
mwp_latn	1.579024479	1.01868	0.6451324939
mxb_latn	1.915160796	1.78305	0.9310184313
mxp_latn	1.857399831	1.761103	0.948155034
mxq_latn	1.527725081	1.497441	0.9801770087
mxt_latn	1.495872094	1.463815	0.978569629
mxv_latn	1.43485406	1.43931	1.0031055
mya_mymr	5	4291.885347	858.3770694
myk_latn	1.251539393	1.271541	1.015981604
myu_latn	1.665625929	1.672397	1.004065181
myv_cyrl	1.773695539	32.391618	18.26221992
myw_latn	1.088800256	1.086649	0.9980241959
myy_latn	1.690402505	1.698291	1.004666637
mza_latn	1.638031131	1.657902	1.012130947
mzh_latn	1.394010995	4.666413	3.347472162
mzn_arab	1.493955306	6.356622	4.254894355
nab_latn	3.325153711	3.064084	0.9214864233
naf_latn	1.506811273	1.50099	0.996136694
nag_latn	1.154650179	1.127992	0.9769123329
nah_latn	1.283512003	3.563814	2.776611354
nak_latn	1.737100866	1.730728	0.9963313207
nan_latn	1.14871192	55.973605	48.72727796
nap_latn	1.23163545	9.043013	7.342280545
naq_latn	1.44203448	1.049263	0.7276268456
nas_latn	1.518372151	1.477584	0.973136921
nav_latn	1.351024496	6.404642	4.740581698
naw_latn	1.418061301	1.421733	1.002589239
nbl_latn	1.257793314	5.387756	4.28349868
nca_latn	1.307878677	1.231293	0.9414428277
nch_latn	1.47267491	5.715814	3.881246269
ncj_latn	1.316655619	1.286229	0.9768909815
ncl_latn	1.670046399	1.859273	1.113306194
ncq_laoo	3.191403625	2.780411	0.8712188512
ncu_latn	1.93524948	1.802685	0.9315000565
ndc_latn	1.234394313	1.017793	0.824528264
nde_latn	0.969100135	10.346163	10.67605155
ndh_latn	1.511112889	1.395525	0.9235081046
ndj_latn	1.041612763	1.034533	0.9932030758
ndo_latn	1.33381137	1.944494	1.457847821
nds_latn	1.135906023	92.576307	81.49997016
ndz_latn	1.886475738	1.80579	0.9572293794
nep_deva	2.629966681	5692.779462	2164.582351
new_deva	2.561603163	35.111268	13.70675541
nfa_latn	1.636191173	1.938755	1.184919606
ngp_latn	1.038757971	1.024835	0.9865965207
ngu_latn	1.435018628	9.356021	6.519790627
nhe_latn	1.492247034	7.884093	5.283369858
nhg_latn	1.295716669	1.323506	1.021447074
nhi_latn	1.281600421	1.239371	0.9670494639
nho_latn	1.749050307	1.386565	0.7927530697
nhr_latn	1.421199515	1.352952	0.9519789345
nhu_latn	1.327165093	1.298257	0.9782181635
nhw_latn	1.51142831	6.088318	4.028188409
nhx_latn	1.315942493	1.281949	0.9741679495
nhy_latn	1.290196796	1.341269	1.039584817
nia_latn	1.349841437	3.094739	2.292668543
nii_latn	1.5137414	1.622184	1.071638789
nij_latn	1.298286309	1.331286	1.025417884
nin_latn	1.157093552	1.173173	1.013896411
niy_latn	2.052604512	2.017308	0.9828040366
nko_latn	1.370210967	1.290048	0.9414958945
nld_latn	1.051605721	9022.112624	8579.368148
nlg_latn	1.258656945	2.271379	1.804605305
nlx_deva	2.460334621	2.333293	0.9483640884
nnb_latn	1.307887294	9.384986	7.175684056
nno_latn	1.033289113	541.432177	523.9890463
nnq_latn	1.029210761	1.009397	0.9807485874
nnw_latn	1.461034034	1.482135	1.014442488
noa_latn	1.956453567	2.631977	1.345279563
nob_latn	0.9976190383	3518.237399	3526.63418
nod_thai	3.030512901	2.815899	0.9291823172
nog_cyrl	1.828168823	7.40967	4.053055663
nop_latn	1.272825764	1.843551	1.448392272
nor_latn	1.125315993	1447.968337	1286.721548
not_latn	1.424879431	1.395324	0.9792575917
nou_latn	1.339985372	1.403877	1.04768084
npi_deva	2.420182925	5446.968256	2250.643205
npl_latn	1.132584398	1.14131	1.007704152
nrm_latn	1.20871541	2.067063	1.710132081
nsn_latn	1.441080204	1.399007	0.9708043981
nso_latn	1.115696353	70.536793	63.22221349
nsu_latn	1.241468766	1.222049	0.9843574268
ntj_latn	1.621114946	2.29281	1.414341411
ntp_latn	1.595264108	1.540618	0.9657447894
ntr_latn	1.40200224	1.405767	1.002685274
ntu_latn	1.270101255	1.438387	1.132497897
nuj_latn	1.162670568	1.12552	0.9680472104
nuq_latn	1.720602958	1.398377	0.8127249773
nus_latn	1.293421156	6.490908	5.018402529
nuy_latn	2.252938219	2.114024	0.9383408662
nvm_latn	1.487945418	1.47892	0.9939343084
nwb_latn	2.008703801	1.957021	0.9742705714
nwi_latn	1.611400882	1.548331	0.9608602163
nya_latn	1.21429492	580.290005	477.8822636
nyf_latn	1.14467555	1.116585	0.9754598148
nyu_latn	1.097526914	3.039068	2.769014556
nyy_latn	1.342357889	1.208551	0.9003195123
nzi_latn	1.418370521	9.143357	6.446381159
obo_latn	1.444161276	1.392724	0.9643825957
oci_latn	1.014733462	436.254015	429.9198077
okv_latn	1.14950744	1.413839	1.229952022
olo_latn	1.207984711	2.362446	1.955691971
omw_latn	1.728273639	2.127663	1.231091508
ong_latn	1.453068501	1.489842	1.025307478
ons_latn	1.458597518	1.469744	1.007641918
ood_latn	1.307405545	1.219211	0.9325423199
opm_latn	1.694434413	1.71636	1.012939767
ori_orya	2.595114712	2122.307379	817.8086963
orm_latn	1.264405846	187.020194	147.9115228
ory_orya	2.510986656	2004.751501	798.3919374
oss_cyrl	1.846676453	83.010991	44.95156196
ote_latn	1.508806656	2.751896	1.823889091
otm_latn	1.425315993	1.398616	0.9812673168
otn_latn	1.737450573	1.623071	0.9341681572
otq_latn	1.252835364	24.212713	19.32633265
ots_latn	1.886960298	1.980974	1.04982283
pab_latn	1.381609563	1.301799	0.9422336345
pac_latn	1.462080867	1.454507	0.9948198029
pad_latn	1.953850198	1.804814	0.9237217888
pag_latn	1.043908443	38.7162	37.08773529
pah_latn	2.014008823	1.850906	0.9190158349
pam_latn	1.18679287	59.31418	49.97854428
pan_guru	2.220967698	5600.256566	2521.538954
pao_latn	1.189970515	1.129674	0.9493294042
pap_latn	1.001675271	279.953276	279.4850627
pau_latn	1.365566678	1.879854	1.37661092
pbb_latn	1.244808119	1.22616	0.9850192823
pbt_arab	1.736020956	399.990769	230.4066478
pcd_latn	1.174340715	4.876302	4.152374126
pck_latn	1.321489762	10.770292	8.150113839
pcm_latn	0.954503897	24.686556	25.86323228
pdc_latn	1.129005051	5.041248	4.465212973
peg_orya	3.181065576	2.878609	0.9049197293
pes_arab	1.59732627	12515.86852	7835.5116
pfl_latn	1.169695391	2.589142	2.213518168
pib_latn	1.023428036	1.001007	0.9780922203
pio_latn	2.303455921	2.155352	0.935703601
pir_latn	1.723878311	1.77828	1.031557732
piu_latn	2.160224909	2.333176	1.080061613
pjt_latn	2.045020685	3.068199	1.500326634
pls_latn	1.433475806	1.428376	0.9964423494
plt_latn	1.151182211	438.416103	380.8398867
plu_latn	1.632463258	1.506917	0.9230939763
plw_latn	1.377136523	1.405196	1.020375233
pma_latn	1.364083107	1.857513	1.361730081
pms_latn	1.22629916	22.137021	18.05189282
pnb_arab	1.414617177	202.097626	142.8638286
poe_latn	1.802283376	1.643979	0.9121645474
poh_latn	2.753523348	4.032521	1.464494936
poi_latn	1.519940116	1.475331	0.9706507411
pol_latn	1.077373477	9440.169942	8762.207483
pon_latn	0.897776051	6.498791	7.238766274
por_latn	1.097878434	8861.722514	8071.679195
poy_latn	1.102473086	1.095941	0.9940750608
ppo_latn	1.725766268	1.738001	1.007089449
pps_latn	1.390027657	1.346464	0.9686598631
prf_latn	1.211688876	1.163196	0.9599791028
pri_latn	1.468994994	1.381785	0.9406328855
prq_latn	1.291303056	1.857869	1.43875521
prs_arab	1.66404538	277.773088	166.92639
ptp_latn	1.371340084	1.400037	1.020926185
ptu_latn	1.333292953	1.47855	1.108946085
pus_arab	1.585665259	1727.246547	1089.288257
pwg_latn	1.260170053	1.481343	1.175510398
qub_latn	1.203967909	4.475389	3.717199575
quc_latn	1.452707367	4.260583	2.93285702
que_latn	1.21478134	174.534872	143.6759574
quf_latn	1.450170282	1.448946	0.9991557667
quh_latn	1.293227583	1.288435	0.9962940916
qul_latn	1.07633197	1.038135	0.9645119061
qup_latn	1.652028525	1.617291	0.9789728056
quy_latn	1.163741957	146.998197	126.3151132
quz_latn	1.297913163	12.3076	9.482606658
qva_latn	1.230374163	1.167898	0.9492218181
qvc_latn	1.536952298	1.50577	0.9797116033
qve_latn	1.644282416	1.632355	0.9927461269
qvh_latn	1.291607049	1.173548	0.9085952271
qvi_latn	1.401139223	1.396728	0.9968516882
qvm_latn	1.33948024	1.206351	0.9006112699
qvn_latn	1.320436104	1.340951	1.015536455
qvs_latn	1.552931362	1.522904	0.9806640765
qvw_latn	1.191746474	1.120945	0.9405901544
qvz_latn	1.349603438	1.356651	1.00522195
qwh_latn	1.217021325	1.167812	0.959565766
qxh_latn	1.224260017	1.175213	0.9599374183
qxl_latn	1.176395968	1.135254	0.965027109
qxn_latn	1.403700487	1.471422	1.048244988
qxo_latn	1.377445087	1.300718	0.9442975348
rai_latn	1.265961921	1.22218	0.9654160838
ram_latn	1.456728548	1.645857	1.129830951
rcf_latn	1.393222905	6.056504	4.347117735
reg_latn	1.033939796	1.030322	0.9965009607
rej_latn	1.412256394	1.142362	0.8088913632
rgu_latn	1.471417797	1.687589	1.146913544
rkb_latn	1.640490503	1.782245	1.086409825
rki_mymr	1.983187213	3.010808	1.518166303
rmc_latn	1.024618866	6.184048	6.035461775
roh_latn	1.273368995	119.46903	93.82121797
rol_latn	1.305220452	1.247741	0.9559618822
ron_cyrl	1.981705316	6.464038	3.261856316
ron_latn	1.115120928	7870.611605	7058.079002
roo_latn	1.570524102	1.715131	1.092075568
rop_latn	1.529233618	5.093562	3.330793896
row_latn	1.508799799	1.765835	1.170357393
rro_latn	1.134284931	1.141243	1.006134322
rub_latn	1.433935224	1.471327	1.026076336
rue_cyrl	1.560953869	8.517227	5.456424541
ruf_latn	1.027830221	1.017762	0.9902043929
rug_latn	1.350650271	4.472942	3.311695186
run_latn	1.119232514	108.70945	97.12856677
rup_latn	1.23688755	1.17339	0.9486634414
rus_cyrl	1.822744411	14819.8733	8130.527356
rus_latn	1.182252535	36.305324	30.70860323
rwo_latn	1.784190076	3.640875	2.040631796
sab_latn	2.193894997	1.987027	0.9057074303
sag_latn	1.162464677	21.875349	18.81807632
sah_cyrl	1.881497141	475.703014	252.8321747
san_arab	2.055285593	1.987176	0.9668612512
san_beng	2.76163646	2.276388	0.824289523
san_deva	2.542780452	345.532661	135.887729
san_gujr	2.385403762	2.298943	0.9637542443
san_guru	2.431816416	2.342203	0.9631495966
san_khmr	2.399970286	2.312594	0.9635927634
san_knda	2.385403762	2.298943	0.9637542443
san_latn	0.966275057	5.726895	5.926775154
san_mlym	2.342693881	2.258171	0.9639206464
san_mymr	2.315748211	2.231726	0.9637170351
san_orya	2.385403762	2.298952	0.9637580172
san_sinh	2.488267697	2.388033	0.9597170766
san_taml	2.690877923	2.570849	0.9553941403
san_telu	2.385399191	2.29891	0.9637422569
san_thai	2.401862815	2.31516	0.9639018455
san_tibt	2.166691047	2.093157	0.966061591
sat_olck	2.803663545	25.991884	9.270685867
sbl_latn	1.453123357	1.762765	1.213086963
sby_latn	1.10542159	1.078573	0.9757119001
sch_latn	1.121754931	1.098251	0.9790471784
scn_latn	1.036272745	124.313249	119.9619016
sco_latn	1.193629502	59.148379	49.55338226
seh_latn	1.255638564	5.418237	4.315124716
ses_latn	0.986251743	2.311461	2.34368255
set_latn	1.360707184	1.379273	1.01364424
sey_latn	1.506614706	1.512486	1.003897011
sgb_latn	1.350115426	1.26527	0.9371569094
sgs_latn	1.244480653	4.676864	3.758084939
sgz_latn	1.568727572	1.544699	0.984682763
shn_mymr	2.819448606	34.67931	12.30003268
shp_latn	1.292768165	2.126278	1.644748113
sig_latn	1.442716738	1.469034	1.018241462
sil_latn	1.229734178	1.207897	0.982242359
sim_latn	1.407771251	1.480762	1.051848444
sin_sinh	2.446318518	5103.074787	2086.02222
sja_latn	1.378279354	1.427123	1.035438132
skr_arab	1.573857549	2.903119	1.844588159
slk_latn	1.041506091	3868.892922	3714.709838
sll_latn	1.311019177	1.363252	1.039841387
slm_latn	1.361589449	1.344195	0.9872248944
slv_latn	0.9721500484	1524.741596	1568.422075
sme_latn	1.267947826	89.523256	70.60484208
smi_latn	1.28726552	1.03674	0.8053816281
smk_latn	1.350721126	1.360065	1.006917693
sml_latn	1.31911042	2.083062	1.579141494
smo_latn	1.178001518	408.425002	346.7100813
sna_latn	1.119177764	726.738067	649.3499876
snc_latn	1.466195058	1.493152	1.018385645
snd_arab	1.587969761	805.779353	507.4273911
snf_latn	1.146709789	1.145006	0.9985141934
snn_latn	1.730726155	1.757946	1.015727413
snp_latn	1.396219515	2.785774	1.995226374
snw_latn	1.307675253	1.242488	0.950150274
sny_latn	1.943729286	1.995295	1.026529267
som_latn	1.42230286	1706.508268	1199.820598
soq_latn	1.392297319	1.739479	1.249358866
sot_latn	1.166011747	421.25385	361.2775352
soy_latn	1.418285296	1.398561	0.9860928573
spa_latn	1.083831966	9200.315688	8488.691951
spl_latn	1.771712647	1.687583	0.9525150723
spp_latn	1.345939521	1.515156	1.125723687
sps_latn	1.364569953	1.557415	1.141322947
spy_latn	1.323002903	1.255814	0.9492148484
sqi_latn	1.335619892	1949.961296	1459.967247
srd_latn	1.109372772	28.702483	25.87271269
sri_latn	1.632220978	1.601691	0.9812954383
srm_latn	1.704153048	3.144602	1.845257974
srn_latn	1.060725469	15.615692	14.7217093
srp_cyrl	1.424878645	2338.473704	1641.173943
srp_latn	0.826257686	1053.530678	1275.06309
srq_latn	1.352012525	1.278831	0.9458721545
ssd_latn	1.239925945	1.69692	1.368565604
ssg_latn	1.132259834	1.1379	1.004981335
ssw_latn	1.141426619	24.727646	21.66380701
ssx_latn	1.861566593	2.097941	1.126976068
stb_latn	1.33411122	1.280832	0.9600638843
stp_latn	2.351422825	2.368224	1.00714511
stq_latn	1.211209311	5.703032	4.708543724
sua_latn	1.859952915	1.985942	1.067737782
suc_latn	1.517725309	1.447139	0.9534920393
sue_latn	1.27381317	1.209981	0.9498889072
sun_latn	1.096980852	680.632874	620.4601225
sus_arab	1.878553633	6.441401	3.428915143
sus_latn	1.063260268	3.773254	3.548758581
suz_deva	2.98006217	12.895852	4.327376835
swa_latn	1.258733422	2550.771216	2026.458638
swc_latn	1.32578343	1.089367	0.8216779419
swe_latn	1.020981292	8364.812116	8192.914189
swh_latn	1.069484906	13.592452	12.7093444
swp_latn	1.039103106	1.461143	1.40615786
sxb_latn	1.214319673	1.185455	0.9762297576
syb_latn	1.512955132	1.352078	0.8936669511
syl_beng	2.464908231	2.699232	1.095063892
syl_latn	1.078587918	2.305608	2.137617121
syr_syrc	1.410191627	23.869989	16.92676977
szl_latn	1.066563024	31.074976	29.13562096
tab_cyrl	1.932598008	7.751767	4.011060225
tac_latn	1.759354072	1.818679	1.033719721
taj_deva	3.218477292	2.558827	0.7950427385
tam_latn	1.267529359	14.462303	11.4098367
tam_taml	2.729099655	9026.482264	3307.494561
taq_latn	1.209249095	2.364802	1.955595427
tar_latn	1.349043297	1.01609	0.7531930239
tat_cyrl	1.854541191	2273.617728	1225.973162
tat_latn	1.146769274	6.293269	5.487824919
tav_latn	1.736780874	1.796368	1.034308949
taw_latn	1.49012594	1.472944	0.9884694712
tbc_latn	1.352446801	1.358365	1.00437592
tbf_latn	1.309862632	1.273303	0.9720889572
tbg_latn	1.633722658	3.998904	2.447725127
tbk_latn	2.134666636	2.114764	0.9906764664
tbo_latn	1.20212338	1.134227	0.9435196244
tbz_latn	1.330093026	7.726086	5.808680934
tca_latn	1.998569176	2.080594	1.041041774
tcs_latn	1.324182304	1.561518	1.179231889
tcy_knda	2.669467794	15.733521	5.89387931
tcz_latn	1.12913762	4.5996	4.073551282
tdt_latn	1.216321913	1.521533	1.250929531
tdx_latn	1.000930264	5.521227	5.516095575
ted_latn	1.936748874	1.750876	0.9040284074
tee_latn	1.650853695	1.665987	1.009166957
tel_latn	1.276370327	27.801056	21.78133996
tel_telu	2.619819498	5836.074892	2227.662973
ter_latn	1.509435213	1.542195	1.021703341
tet_latn	1.400532559	146.115535	104.3285528
tew_latn	1.457728637	1.05977	0.7270008785
tfr_latn	1.466211058	1.545852	1.054317516
tgk_cyrl	1.746052186	2252.041533	1289.790507
tgl_latn	1.117593432	1243.618227	1112.764438
tgo_latn	1.307213549	1.762189	1.348049828
tgp_latn	1.2281205	1.213252	0.987893289
tha_thai	2.741647235	13137.65024	4791.882076
tif_latn	2.284260931	2.183002	0.9556710314
tim_latn	1.512091152	1.515176	1.00204012
tir_ethi	1.762985532	478.3916	271.353106
tiv_latn	1.309214276	9.404572	7.183371104
tiy_latn	1.375733126	1.323354	0.9619263904
tku_latn	1.406166716	1.36912	0.9736541083
tlf_latn	2.250913122	1.997162	0.887267474
tlh_latn	1.143065822	7.173256	6.275453139
tlj_latn	1.337494	1.301182	0.9728507193
tls_latn	1.307128591	4.49311	3.437389427
tmd_latn	1.700697127	1.722401	1.012761751
tna_latn	1.426591392	1.311003	0.918975824
tnk_latn	1.602742794	1.527959	0.9533401153
tnn_latn	1.609176933	1.570046	0.9756826411
tnp_latn	1.747941761	1.723201	0.985845775
toc_latn	2.39523668	2.493202	1.040900058
tod_latn	1.440875687	1.700925	1.180480048
tof_latn	1.468078444	1.577868	1.07478453
toj_latn	1.440515645	4.67053	3.2422626
tok_latn	1.483108783	2.050464	1.382544574
ton_latn	1.270386963	25.619334	20.16655928
too_latn	1.552499371	1.521284	0.9798934727
top_latn	1.643555576	1.593803	0.9697286926
tos_latn	2.274268017	2.379433	1.046241244
tpi_latn	1.176877977	20.013992	17.00600435
tpp_latn	1.263763114	1.272406	1.006839008
tpt_latn	1.488084844	1.399684	0.9405942179
tpu_khmr	2.976336541	2.473349	0.8310044801
tpz_latn	1.73930653	1.665671	0.957663857
trc_latn	2.568764143	2.228267	0.8674470975
trq_latn	1.966921899	1.886612	0.959169757
tsg_latn	1.622134351	4.086198	2.519025627
tsn_latn	1.173940296	125.472393	106.8814091
tso_latn	1.207440889	93.436501	77.38391324
tsw_latn	1.220977806	1.290011	1.05653927
ttc_latn	1.388016274	1.349324	0.9721240487
tte_latn	1.333107815	2.354486	1.766163227
ttq_latn	1.181582135	1.181086	0.9995801096
ttq_tfng	1.65913922	1.618898	0.9757457243
tuc_latn	1.524772005	4.296703	2.817931459
tue_latn	1.411650019	1.369513	0.97015052
tuf_latn	1.591888185	1.525897	0.958545339
tuk_latn	1.78535505	359.735499	201.492414
tum_latn	1.20719527	45.620937	37.79085134
tuo_latn	1.701291399	2.277147	1.338481463
tur_latn	1.044489573	8973.604003	8591.377292
tvk_latn	1.42093895	1.413006	0.9944171071
tvl_latn	1.440439367	7.243653	5.028780221
tvt_latn	1.18660602	1.170104	0.9860930926
twi_latn	1.032409918	66.524882	64.4365003
txq_latn	1.605273022	1.880185	1.17125559
txu_latn	2.019293273	1.99534	0.9881377939
tyv_cyrl	1.860256075	138.4909	74.44722362
tzh_latn	1.316327988	5.153987	3.915427651
tzj_latn	1.464759663	2.955413	2.017677763
tzm_tfng	1.925212613	5.286312	2.745832831
tzo_latn	1.487549999	15.40079	10.35312427
ubr_latn	1.242831021	1.477621	1.188915448
ubu_latn	2.007174693	4.814887	2.398838037
udm_cyrl	1.740439775	99.342891	57.07918909
udu_latn	1.557182693	2.287917	1.469266908
uig_arab	2.308625158	1015.650217	439.9372559
uig_cyrl	1.959198647	8.973806	4.580345139
uig_latn	1.191355626	9.677121	8.122781132
ukr_cyrl	1.751370357	11955.95247	6826.627171
uli_latn	1.234668922	1.216211	0.9850503065
umb_latn	1.167261104	19.204714	16.45280044
unx_orya	3.197666339	2.963371	0.9267292725
upv_latn	1.345678956	1.3122	0.9751211417
ura_latn	1.59449384	1.616189	1.013606299
urb_latn	1.853351923	1.866992	1.00735968
urd_arab	1.707950617	3287.032958	1924.548008
urd_deva	2.522705767	17.374703	6.887328371
urd_latn	1.287511143	4.782185	3.7142863
urt_latn	1.580318164	1.584256	1.002491799
ury_latn	1.684132934	1.587862	0.9428364994
usa_latn	1.668403008	1.702101	1.020197753
usp_latn	1.422481772	1.340679	0.9424929207
uvh_latn	2.07885534	2.142654	1.030689322
uvl_latn	1.343982995	1.385417	1.030829263
uzb_cyrl	1.980686782	1092.253232	551.4517702
uzb_latn	1.229496706	3462.575814	2816.254648
uzn_cyrl	2.010315146	430.055222	213.9242809
uzn_latn	1.645764497	245.094293	148.9242801
var_latn	1.636154602	1.701336	1.039838166
vec_latn	0.9963413972	161.266676	161.8588532
ven_latn	1.300531185	17.067912	13.12380064
vep_latn	1.173646093	8.475814	7.2217801
vid_latn	1.050227423	1.853784	1.765126257
vie_latn	1.349331266	9599.377619	7114.174155
viv_latn	1.52287262	1.571762	1.032103394
vls_latn	1.208907177	10.736282	8.880981271
vmy_latn	1.268885283	1.258508	0.9918217327
vol_latn	1.129514541	25.440637	22.52351437
vro_latn	1.247054415	3.100213	2.486028647
waj_latn	1.694068707	1.665344	0.983043954
wal_latn	1.092203607	4.852626	4.442968297
wap_latn	1.630819867	1.657874	1.016589283
war_latn	1.093149717	218.188416	199.5960961
wbi_latn	1.121846358	1.065073	0.9493929293
wbp_latn	2.336275742	2.872577	1.229553921
wer_latn	1.274569724	1.256649	0.9859397853
wib_latn	1.635962607	1.401273	0.8565434161
wim_latn	2.115023657	2.069823	0.97862877
wiu_latn	1.399355443	1.384609	0.9894619747
wiv_latn	1.282249549	1.384778	1.079959826
wln_latn	1.218380386	128.766693	105.6867744
wnc_latn	1.491668762	2.01079	1.348013749
wnu_latn	1.265831638	1.253198	0.9900194958
wob_latn	1.393463007	1.489714	1.069073232
wol_latn	1.078647211	41.37298	38.35635932
wos_latn	1.609531211	1.69251	1.051554632
wrk_latn	1.446979427	1.728077	1.194265079
wrs_latn	1.508162099	1.752513	1.162018991
wsk_latn	1.295195538	1.988319	1.535149668
wuu_hani	0.7	19.045194	27.20742
wuv_latn	1.076656534	1.051397	0.9765389117
xal_cyrl	1.723396561	11.424991	6.629345363
xav_latn	2.368366437	4.781153	2.018755597
xed_latn	1.283204955	1.270242	0.9898979855
xho_latn	1.198781752	604.813243	504.5232313
xla_latn	1.626680533	1.871933	1.150768674
xmf_geor	2.509423461	14.667849	5.845107144
xnj_latn	1.075634843	1.068155	0.9930461131
xnn_latn	1.21520651	1.257636	1.034915456
xon_latn	1.071506937	1.043506	0.9738677035
xrb_latn	1.256803273	1.268369	1.009202496
xsb_latn	1.356455852	1.299679	0.9581432363
xsi_latn	1.750293708	2.123873	1.213438059
xsm_latn	1.471020091	1.425306	0.9689235441
xsr_deva	3.180832438	2.768642	0.8704142874
xtc_latn	1.253107358	1.209672	0.9653378797
xtd_latn	1.474492012	1.504742	1.020515532
xtm_latn	1.546254943	1.489218	0.9631128468
xtn_latn	1.418406436	2.449046	1.726617941
xuo_latn	1.626650819	1.521185	0.9351638239
yaa_latn	1.480057599	1.518498	1.025972233
yad_latn	1.530422162	1.445073	0.9442316218
yal_latn	1.082249549	3.990568	3.687290056
yam_latn	1.467157322	1.501421	1.023353786
yao_latn	1.192905305	1.98288	1.662227498
yap_latn	1.396850358	3.960047	2.834982987
yaq_latn	1.598665173	1.634984	1.02271822
yby_latn	1.510036342	1.501296	0.9942118333
ycn_latn	1.84232589	1.835499	0.9962944178
ydd_hebr	1.806848485	221.096794	122.3659847
yid_hebr	1.546105069	753.298387	487.2232826
yka_latn	1.33714658	1.334575	0.9980768152
yle_latn	1.704939316	1.477748	0.8667452185
yml_latn	1.556743846	1.561361	1.002965905
yom_latn	1.069463555	1.479097	1.383027026
yon_latn	1.392247034	1.876909	1.348114921
yor_latn	1.374948177	737.372958	536.2914545
yrb_latn	1.098667459	1.111956	1.012095144
yre_latn	1.3843775	1.386149	1.001279637
yss_latn	1.269653265	2.602211	2.049544605
yua_latn	1.241346656	16.009527	12.89690267
yue_hant	0.862461402	75.615892	87.67452297
yuj_latn	1.647962332	1.658497	1.006392542
yut_latn	1.34417499	1.659891	1.234877164
yuw_latn	1.605417019	1.548326	0.9644385114
yva_latn	1.506278714	1.428654	0.9484659026
zaa_latn	1.433530662	1.568775	1.094343527
zab_latn	1.12030125	1.095806	0.9781351221
zac_latn	1.495325821	1.534244	1.026026555
zad_latn	1.219053279	1.217647	0.9988464171
zae_latn	1.434531782	1.423813	0.9925280275
zai_latn	1.054833032	1.515022	1.436267119
zaj_latn	1.036017462	1.024539	0.9889205902
zam_latn	2.041125917	2.118159	1.037740485
zao_latn	1.16763274	1.125645	0.9640402855
zap_latn	1.075680556	11.956134	11.11494852
zar_latn	1.59449384	1.87315	1.174761516
zas_latn	1.140188796	1.163661	1.020586243
zat_latn	1.390322507	1.663316	1.196352639
zav_latn	1.640193367	1.633455	0.995891724
zaw_latn	1.133377523	1.13682	1.003037361
zca_latn	1.183223241	1.221734	1.032547331
zea_latn	1.186593115	4.684755	3.948071956
zho_hans	0.9359663918	16276.33325	17389.86933
zho_hant	0.989382544	187.177291	189.1859647
zho_latn	1.216752869	5.781584	4.751650191
zia_latn	1.387748851	1.352681	0.9747304053
zlm_latn	1.140833352	4.831281	4.234870055
zne_latn	1.323637271	2.537563	1.91711359
zos_latn	1.378286211	1.405207	1.019532075
zpc_latn	1.612095724	1.600507	0.9928113921
zpg_latn	1.202658225	1.142567	0.9500346618
zpi_latn	1.075680556	1.04005	0.9668762666
zpl_latn	1.378267925	1.413372	1.025469703
zpm_latn	1.315341364	1.272624	0.9675237431
zpo_latn	1.120449818	1.078026	0.9621367978
zpq_latn	1.420152682	1.419439	0.9994974611
zpt_latn	1.348632031	1.253512	0.9294692482
zpu_latn	1.441784188	1.439027	0.9980876555
zpv_latn	1.717796165	1.710949	0.9960139828
zpz_latn	1.401092546	1.371442	0.9788375535
zsm_latn	1.143822408	1002.98148	876.8681858
zsr_latn	1.568343581	1.523604	0.9714733547
ztq_latn	1.081481566	1.000752	0.9253528044
zty_latn	1.413787113	1.699926	1.202391778
zul_latn	1.163840155	950.952496	817.0817028
zyp_latn	1.254010194	1.203581	0.9597856586
zza_latn	1.199780688	59.441918	49.54398632