lang	category	byte_premium	1000mb_scaled_mb	1000mb_tokens	100mb_scaled_mb	100mb_tokens	10mb_scaled_mb	10mb_tokens	5mb_scaled_mb	5mb_tokens	full_scaled_mb	full_tokens	proportions
abk_cyrl	10mb	2.014757281					10.00191207	2589696	5.00039542	1320448	25.24421023	6408192	tatoeba:1.6282131803783773e-05,wiki:0.03676176059752277,glot500:0.9632219572706735
abq_cyrl	dropped	1.61816775											webcorpora:1.0
ace_latn	10mb	1.241956888					10.00103492	3130368	5.000461099	1594880	71.09070238	21666816	nusa:0.001453086428704468,wiki:0.019763940114252605,nllb:0.9409064412082775,glot500:0.037876532248765464
acm_arab	dropped	1.550152569											tatoeba:0.0004977110852447527,glot500:0.9995022889147552
acr_latn	dropped	1.54049736											bible:0.5165656831717432,glot500:0.4834343168282567
ady_cyrl	10mb	1.806684783					10.00071688	2749440	5.000810926	1395200	15.22007949	4124160	webcorpora:0.2294295191004066,tatoeba:1.1098866545070548e-05,wiki:0.015730204940290482,madlad400:0.7548291770927579
afb_arab	10mb	1.374141124					10.0018448	2306048	5.000665878	1185280	14.24963266	3247616	tatoeba:0.00015394145544872704,glot500:0.9998460585445512
afr_latn	1000mb	1.03722598	1000.001788	239682048	100.0012678	23968768	10.00045718	2460672	5.001534958	1250816			oscar:0.021339830471675994,wiki:0.023906086092832235,nllb:0.13072087317965447,glot500:0.16340802131267107,madlad400:0.6606251889431662
aii_syrc	dropped	1.896699504											tatoeba:8.688911805258621e-06,bible:0.9999913110881947
aka_latn	10mb	1.574942782					10.00086427	4636672	5.000588651	2353664	49.50539658	22551040	nllb:0.554372774777886,wortschatz:0.0007954860821860417,bible:0.10297161121475798,glot500:0.04841133841003344,madlad400:0.24297216633389188,wiki:0.050476623181244615
als_latn	100mb	1.167247178			100.0000131	26042880	10.00082778	2690560	5.000855099	1376256	336.301364	87609344	wiki:0.1376857773777609,bible:0.008479645680564755,glot500:0.8538345769416743
alt_cyrl	10mb	1.856580455					10.00235996	2324992	5.001390043	1192960	11.65124891	2694144	webcorpora:0.3473796680206804,glot500:0.07036745169703736,madlad400:0.5822528802822823
amh_ethi	1000mb	1.720917143	1000.000905	211767808	100.0020947	21179904	10.000238	2212864	5.000556846	1136128			oscar:0.06488070576974128,wiki:0.004897065694645176,nllb:0.23099416541212228,bible:0.000336095266596653,glot500:0.3599035683235755,madlad400:0.33898839953331905
ang_latn	5mb	1.289057339							5.001065356	1548800	5.468944466	1671168	tatoeba:0.0009322921498380793,wiki:0.0777617694359721,madlad400:0.9213059384141898
anw_latn	dropped	1.205181947											wortschatz:1.0
aoj_latn	dropped	1.574274874											bible:0.5002875686081896,glot500:0.49971243139181043
apc_arab	5mb	1.473448613							5.001247369	1219072	7.056026866	1687040	tatoeba:1.6696541107440757e-06,glot500:0.9999983303458893
arb_arab	1000mb	1.465017978	1000.001827	196197376	100.0001428	19608064	10.00202743	2046464	5.000425326	1050624			oscar:0.9985570902296856,bible:0.0014429097703143297
arg_latn	10mb	1.192925647					10.00058514	2978304	5.001040731	1515520	42.82412738	12469760	tatoeba:1.4889812540365755e-05,oscar:0.004487829182828282,wiki:0.38240935317636365,glot500:0.6130879278282677
arn_latn	dropped	1.340611643											bible:0.49168411943231094,glot500:0.5083158805676891
arq_arab	dropped	1.410136911											tatoeba:0.04833360723782073,bible:0.9516663927621792
ary_arab	dropped	1.541968925											tatoeba:0.0003984821184848112,glot500:0.9996015178815152
arz_arab	100mb	1.551170046			100.0011314	24773632	10.00110033	2653184	5.00020881	1360384	122.3816052	30322176	tatoeba:9.807958802240832e-05,oscar:0.08342662784615906,wiki:0.8418988299201892,bible:0.0009532571268771225,glot500:0.0736232055187523
asm_beng	100mb	2.526329303			100.0014474	22117376	10.00140558	2303488	5.00227068	1166336	348.8770027	77216256	oscar:0.0532777264735282,wiki:0.044787470318438605,nllb:0.18995288032470423,bible:0.005826771950469842,glot500:0.4477996070381753,madlad400:0.2583555438946838
ast_latn	100mb	1.748880208			100.0005983	41352704	10.00062214	4232704	5.000803383	2150400	225.6800986	93333504	oscar:0.002830649218265964,wiki:0.2337354825467048,nllb:0.24643208945607292,glot500:0.5170017787789564
ava_cyrl	10mb	1.938794023					10.00155703	2655744	5.000412568	1340416	30.73046249	8009728	webcorpora:0.22754734503980217,oscar:0.00420180878623199,wiki:0.0623002886432602,madlad400:0.7059505575307057
awa_deva	dropped	2.70147869											nllb:1.0
aym_latn	10mb	1.213786361					10.00060257	3058688	5.001652842	1561088	30.73525063	9201152	americasnlp:0.027381366603727184,wiki:0.03900259909646109,wortschatz:0.005396034619974226,glot500:0.07181959747074507,madlad400:0.24442454923217813,nllb:0.6119758529769144
ayr_latn	10mb	1.097680523					10.00065149	2749440	5.00026653	1406464	28.36848825	7641088	nllb:1.0,glot500:0.0
azb_arab	100mb	1.490422093			100.0013838	25029120	10.001677	2577408	5.001324269	1311744	107.5640147	26922496	oscar:0.11521669983992891,wiki:0.42379282499859233,nllb:0.4602647768188804,glot500:0.0007256983425983976
aze_arab	100mb	1.198662364			100.0018084	21145600	10.00073028	2203136	5.000433969	1126400	267.2584656	56526848	glot500:0.504734089872512,oscar:0.057104344236075286,wiki:0.2100425667209716,nllb:0.22811899917044112
aze_cyrl	10mb	1.818803281					10.00209049	2152960	5.000684292	1100288	17.1164954	3627008	madlad400:1.0
aze_grek	dropped	1.544387288											glot500:1.0
aze_latn	1000mb	1.29878361	1000.002024	233091584	100.0006414	23309312	10.00012543	2409984	5.001938702	1229824			oscar:0.18623478527760107,glot500:0.8137652147223989
aze_thaa	dropped	1.498563109											glot500:1.0
azj_latn	100mb	1.076115956			100.002591	18049024	10.00209134	1880064	5.002405187	959488	149.8239918	27041792	glot500:1.0
bak_cyrl	100mb	2.27194034			100.0014019	29721088	10.00015344	3043840	5.00086195	1554944	398.3576144	118369280	webcorpora:0.07939194350498274,oscar:0.03896147442771088,wiki:0.11911025179659912,nllb:0.16957645715054895,glot500:0.2993711062357802,madlad400:0.2935887668843781
bak_latn	5mb	1.19129188							5.000088484	1210880	7.531640966	1793024	glot500:1.0
bam_latn	10mb	1.256878532					10.0013165	3532288	5.000328065	1792512	12.83722936	4511744	wiki:0.018815926673463143,nllb:0.6790603069726857,wortschatz:0.047532780920515355,glot500:0.10196330872562029,madlad400:0.15262767670771551
ban_latn	10mb	1.269543636					10.00091582	2938880	5.000691063	1504768	31.83768807	9161216	nusa:0.0030043146602199457,wiki:0.18068314902804844,nllb:0.7001947619687485,glot500:0.11611777434298311
bar_latn	10mb	1.129561954					10.00105335	2929152	5.000158389	1490944	27.68176913	7961600	tatoeba:8.01701071151786e-05,wiki:0.3591236717256287,glot500:0.6407961581672561
bas_latn	dropped	1.358810039											madlad400:1.0
bbc_latn	5mb	1.332303573							5.001247566	1442304	6.477868991	1846784	nusa:0.014621160574749126,madlad400:0.9853788394252508
bcl_latn	5mb	1.218848876							5.000342869	1420800	9.491292617	2638336	wiki:0.45264448125249823,glot500:0.5473555187475018
bel_cyrl	1000mb	2.007901403	1000.000366	254138368	100.0018949	25410048	10.00056127	2635264	5.00026395	1347584			oscar:0.14985271198367367,bible:0.001087149233337004,glot500:0.1904732284458036,madlad400:0.6585869103371857
bem_latn	10mb	1.155237492					10.00109983	2942976	5.001416839	1502720	35.35389737	10177024	nllb:0.9999218965140682,glot500:7.810348593187667e-05
ben_beng	1000mb	2.430759774	1000.000757	194737152	100.0000539	19471872	10.00010091	2024448	5.001722568	1033728			oscar:0.995452670968439,bible:0.004547329031560939
ben_latn	dropped	1.182569495											madlad400:1.0
bew_cyrl	10mb	1.740538562					10.0019429	2305536	5.000450633	1186816	23.52068717	5288960	wortschatz:0.5229435812510904,glot500:0.47705641874890964
bew_latn	10mb	1.300925888					10.00187875	2704384	5.000657653	1378816	11.83817244	3186176	nusa:0.5156687192035135,glot500:0.01694960528180102,madlad400:0.46738167551468546
bgp_latn	5mb	1.288416545							5.000930814	1567232	5.637162942	1735680	madlad400:1.0
bho_deva	10mb	2.515275311					10.00015382	2645504	5.000907036	1354752	23.74169131	6156800	nllb:0.4596562128744566,wiki:0.14965205457705055,madlad400:0.3906917325484928
bih_deva	dropped	2.558676782											oscar:0.007787113331449645,wortschatz:0.13960722224056235,glot500:0.852605664427988
bik_latn	10mb	1.272069912					10.00094718	2872832	5.001464887	1467904	19.25505019	5440512	glot500:0.4321685143561578,madlad400:0.29793602273558906,wiki:0.26989546290825317
bis_latn	dropped	1.278963868											wiki:0.09002337582715043,glot500:0.10042748914724449,madlad400:0.8095491350256051
bjn_latn	10mb	1.166394033					10.00111643	2742784	5.001259094	1393152	93.17248335	25012224	nusa:0.0012236923469757428,wiki:0.035352357813988024,nllb:0.9026393560752431,bible:0.0007900145571541445,glot500:0.059994579206638955
bod_tibt	100mb	2.616914857			100.0005003	17793536	10.00145417	1868800	5.001150482	986624	131.9397729	23463424	oscar:0.3545937788577034,wiki:0.10699147225299327,nllb:0.0163626438290905,bible:0.009332555102976448,glot500:0.2732631742276106,madlad400:0.2394563757296258
bos_cyrl	1000mb	1.148940187	1000.002067	232501760	100.0007801	23256576	10.0014458	2430464	5.00187657	1246208			madlad400:1.0
bos_latn	1000mb	0.9699882939	1000.001528	228266496	100.0004225	22827520	10.00161247	2363904	5.000776855	1200128			wiki:0.11383484984589655,nllb:0.17717911221993485,glot500:0.7089860379341686
bpy_beng	5mb	2.330506839							5.000194355	1127424	9.293509177	2019328	oscar:0.05005951262670801,wiki:0.2665811971657823,glot500:0.6833592902075096
bqc_latn	5mb	0.976139974							5.000706369	1332736	6.800255722	1806336	bible:0.5176714368257933,glot500:0.48232856317420664
bre_latn	100mb	1.01282485			100.0001007	26627072	10.00002123	2734080	5.001150001	1383424	163.1115893	43437056	tatoeba:0.0004595535699782053,oscar:0.07318193051166905,wiki:0.19167164795684868,bible:0.0013530384106821705,glot500:0.3293949144230029,madlad400:0.403938915127819
bsb_latn	5mb	1.308722105							5.00053911	1444864	8.688286299	2460672	glot500:1.0
btk_latn	dropped	1.344567008											nusa:1.0
bts_latn	dropped	1.297242351											madlad400:1.0
btx_latn	dropped	1.298569625											madlad400:1.0
bua_cyrl	10mb	1.701900789					10.00178983	2348544	5.002071835	1199104	39.09984086	8951808	tatoeba:7.21614206562236e-05,wortschatz:0.0038768959184064195,madlad400:0.08413744702727424,webcorpora:0.8997115731045479,oscar:3.856150548514461e-05,wiki:0.012163361023630151
bug_latn	10mb	1.22786025					10.00103334	3057664	5.001627139	1554944	10.72067377	3269632	nusa:0.06237849680654584,nllb:0.9376215031934542
bul_cyrl	1000mb	1.812315686	1000.001097	224346112	100.0008252	22427136	10.00132877	2323968	5.00187637	1181696			oscar:1.0
bul_latn	dropped	1.206296891											madlad400:1.0
bxr_cyrl	10mb	1.588863716					10.00094967	2441216	5.001261873	1266688	25.37553233	6060544	webcorpora:0.9866194298170392,oscar:4.2286363421290635e-05,wiki:0.013338283819539453
bzd_latn	dropped	1.353377066											americasnlp:0.21507166445845358,bible:0.7849283355415464
cab_latn	dropped	1.361783731											bible:0.20426880344208231,madlad400:0.7957311965579177
cak_latn	5mb	1.82231949							5.000696009	2454016	8.506742339	4157952	bible:0.6021516852944424,glot500:0.3978483147055576
cat_latn	1000mb	1.092622079	1000.001022	238915072	100.0010481	23899136	10.00209242	2442752	5.000097573	1235456			oscar:1.0
cbk_latn	dropped	1.455178167											tatoeba:0.015402654716448005,wiki:0.14478114293022967,bible:0.2661034583730507,glot500:0.5737127439802716
cce_latn	dropped	1.276399042											madlad400:1.0
cdo_latn	dropped	1.252225653											wiki:0.8523301299041373,wortschatz:0.14766987009586277
ceb_latn	100mb	1.113380333			100.0008871	25974272	10.0002943	2723328	5.00008383	1385984	540.2082955	140301312	oscar:0.045632381478363314,wiki:0.3646583076120428,nllb:0.25152508159087744,bible:0.004635875231835538,madlad400:0.3335483540868809
ces_latn	1000mb	1.035849214	1000.000892	206113280	100.0021699	20621312	10.00206099	2145280	5.000520283	1102336			oscar:0.9994543230230579,bible:0.0005456769769420656
cfm_latn	10mb	1.323887964					10.00149662	3089920	5.000498667	1579520	14.08589435	4315648	madlad400:1.0
cha_latn	dropped	1.005929007											tatoeba:0.00251344407091711,wiki:0.03127909483386449,bible:0.23174519480065486,madlad400:0.7344622662945636
che_cyrl	10mb	1.831603287					10.00127109	2823168	5.000586133	1424896	86.11235746	23590400	webcorpora:0.33551503002085886,tatoeba:2.691802447294168e-06,oscar:0.041131137479788055,wiki:0.14367985052716595,glot500:0.24118086054918197,madlad400:0.23849042962055786
chk_latn	dropped	1.162135723											bible:0.7991327495661277,glot500:0.2008672504338723
chm_cyrl	10mb	1.756255296					10.00224685	2350592	5.000094815	1194496	49.43276481	11290624	madlad400:0.12776831020634932,webcorpora:0.7338471153473572,tatoeba:0.0006194108907885934,oscar:0.02657465765141835,wiki:0.0509680591819615,glot500:0.06022244672212492
chr_cher	dropped	1.74952435											cherokeedictionary:0.15356385448899407,chr_en:0.4574720057080369,tatoeba:0.00010778723210442708,wiki:0.04514571559665139,madlad400:0.3437106369742132
chv_cyrl	100mb	1.796969484			100.0005229	32877056	10.00091607	3352064	5.001270237	1680384	256.3614541	84293120	webcorpora:0.5368879511332219,tatoeba:5.048002652867509e-05,oscar:0.03350834288163671,wiki:0.040633336874573496,glot500:0.14163290822486313,madlad400:0.24728698085917614
cjk_latn	10mb	1.170350075					10.00014581	3011072	5.001260584	1538560	12.10047795	3622400	nllb:1.0,glot500:0.0
ckb_arab	100mb	1.651286029			100.0021699	22688768	10.00084886	2335744	5.001497531	1190912	838.8717504	190565888	oscar:0.15362009074531532,wiki:0.03393324645329816,nllb:0.1931683830658455,bible:0.0026050708891467347,glot500:0.1760071146714651,madlad400:0.4406660941749292
ckt_cyrl	dropped	0.7											webcorpora:0.9999853847091953,tatoeba:1.4615290804753851e-05
cmn_hani	dropped	0.9156280335											glot500:1.0
cnh_latn	10mb	1.323849924					10.00003003	3186688	5.001168848	1628160	33.19836501	10364928	madlad400:1.0
cni_latn	dropped	1.404269617											americasnlp:0.21130126357792064,bible:0.7886987364220793
cor_latn	5mb	1.215014217							5.001729126	1550848	6.310978003	1936896	tatoeba:0.008038666357974594,wiki:0.2811609282576064,madlad400:0.710800405384419
cos_latn	100mb	1.176702158			100.0009103	30479360	10.00094112	3149312	5.00080157	1615360	413.9989747	126150656	tatoeba:5.239587196614401e-07,wiki:0.010886645662750194,glot500:0.6095980695242637,madlad400:0.3795147608542665
cre_latn	dropped	1.313918346											madlad400:1.0
crh_cyrl	5mb	1.89497331							5.001694719	1090048	5.855599094	1265664	glot500:0.10177123471356384,madlad400:0.8982287652864361
crh_latn	10mb	1.312089034					10.0008899	2820096	5.000153431	1438720	47.19816642	12994560	wiki:0.06676792451399792,nllb:0.8604959295566451,glot500:0.072736145929357
crs_latn	dropped	1.319917177											glot500:4.0180603718722236e-05,madlad400:0.9999598193962813
csb_latn	dropped	1.182431569											tatoeba:0.00035398068927210873,wiki:0.3557320020927733,glot500:0.6439140172179546
csy_latn	dropped	1.056389568											bible:0.5745427855120142,glot500:0.42545721448798585
ctd_latn	10mb	1.295581309					10.00126654	3126272	5.001220653	1590272	37.0976678	11405824	madlad400:1.0
ctp_latn	dropped	2.204445613											americasnlp:0.02189779737388331,bible:0.9781022026261167
ctu_latn	dropped	1.548170328											bible:0.7488473169957454,glot500:0.25115268300425464
cuk_latn	dropped	1.313505977											bible:0.8304043367973462,glot500:0.16959566320265382
cym_latn	1000mb	1.026556848	1000.001074	236230144	100.0020245	23621120	10.00048173	2422784	5.000499497	1230848			oscar:0.07289322126803359,wiki:0.061813252010575755,nllb:0.07874308606727935,glot500:0.09885360020116672,madlad400:0.6876968404529445
dan_latn	1000mb	1.021065783	1000.000037	208085504	100.0006305	20802048	10.00163278	2143232	5.000698378	1085440			oscar:0.9996025108326055,bible:0.00039748916739448527
dar_cyrl	10mb	2.015493724					10.00046682	2684416	5.000039908	1366528	16.99087632	4506624	webcorpora:1.0
deu_latn	1000mb	1.053648018	1000.001057	210817024	100.0017153	21072896	10.00048862	2168832	5.002336563	1104384			oscar:0.9976903929894843,bible:0.0023096070105157467
dik_latn	10mb	1.123839426					10.00036764	3244544	5.001308092	1650688	11.60978001	3753984	nllb:0.9246145540101715,bible:0.07538544598982859
din_latn	10mb	1.241578901					10.00019571	3547136	5.001111887	1803264	11.6868795	4125696	wiki:0.02705857708959554,madlad400:0.17667465265564733,nllb:0.7362398446522219,bible:0.060026925602535246
diq_latn	10mb	0.9584231474					10.00110801	2688000	5.00124733	1369088	37.98121703	9935872	wiki:0.17757489883748603,nllb:0.5210047725709396,glot500:0.3014203285915744
div_thaa	100mb	1.997934845			100.0024107	18036224	10.00145628	1890304	5.002338301	972288	634.0240589	114510336	tatoeba:1.93660339736833e-07,oscar:0.05858968848771825,wiki:0.006177063671713676,bible:0.0018820699052778834,glot500:0.35140213203428594,madlad400:0.5819488522406645
djk_latn	dropped	1.403510777											bible:0.27599713071366705,glot500:0.27477065066276746,madlad400:0.4492322186235655
dov_latn	5mb	0.989047107							5.002247077	958464	7.426789834	1389056	bible:0.10636158169007906,madlad400:0.893638418309921
dsb_latn	dropped	1.140810566											tatoeba:0.011779755368472426,oscar:0.005395924841386042,wiki:0.9828243197901415
dtp_latn	dropped	1.305739422											tatoeba:0.02533053494611141,glot500:0.025773285663206053,madlad400:0.9488961793906825
dty_deva	dropped	2.580265472											wiki:1.0
dyu_latn	10mb	1.15445855					10.00041205	3232768	5.000238506	1646592	11.94294056	3849216	nllb:0.6841765123305019,bible:0.3158234876694981,glot500:0.0
dzo_tibt	5mb	3.261842241							5.001729021	1396736	7.69526456	2019328	wiki:0.09586262159906665,nllb:0.022231743385186145,glot500:0.13417607606200127,madlad400:0.7477295589537459
egl_latn	dropped	1.214414268											tatoeba:0.002002982217968976,wiki:0.997997017782031
ekk_latn	10mb	0.993591004					10.00067495	2086912	5.001447084	1071104	61.40935522	12375552	bible:0.0075103187398836545,glot500:0.9924896812601164
ell_grek	1000mb	1.967262375	1000.000509	238704128	100.0003652	23875584	10.00146459	2489344	5.001759359	1269760			oscar:1.0
ell_latn	100mb	1.238882746			100.0015154	24510976	10.00065748	2552832	5.00177036	1305600	376.4160922	92225536	madlad400:1.0
eml_latn	dropped	1.281032842											glot500:1.0
eng_latn	1000mb	1	1000.002308	213977088	100.001044	21390848	10.000887	2192384	5.002111	1115648			oscar:0.9957859865671856,bible:0.004214013432814376
epo_latn	1000mb	0.9954937917	1000.000783	231384576	100.0005111	23139328	10.00120752	2380800	5.000168801	1205760			oscar:0.1449198285984743,wiki:0.1401394704961517,nllb:0.33221170975200076,bible:0.0014917375819306885,glot500:0.38123725357144256
est_latn	1000mb	0.9677856419	1000.001538	189518336	100.0007685	18955264	10.00152159	1967104	5.002134548	995840			oscar:1.0
eus_latn	1000mb	1.059583723	1000.000307	209921536	100.0016447	20982784	10.00182409	2164224	5.002213497	1097216			oscar:0.0811744176585144,glot500:0.2218967984189681,madlad400:0.6969287839225176
evn_cyrl	dropped	1.880011284											news:0.4086977222053135,webcorpora:0.5913022777946866
ewe_latn	10mb	1.078257744					10.00172831	2987520	5.001556474	1519104	63.26912316	18470400	ewecorpus:0.0006551188225476427,wiki:0.00605812331810279,nllb:0.5657066263898491,bible:0.040045865035747134,glot500:0.033661959213335146,madlad400:0.3538723072204181
ext_latn	dropped	1.216909349											tatoeba:0.00014486443794448127,wiki:0.40780796895685156,glot500:0.592047166605204
fao_latn	100mb	1.155644359			100.0003834	24129024	10.00064588	2471424	5.000830884	1259520	400.3439116	96587776	wiki:0.015472663700262873,nllb:0.08123273694811227,glot500:0.4779192738811244,madlad400:0.42537532547050044
fas_arab	1000mb	1.590775443	1000.000672	244359680	100.0008291	24438272	10.00083456	2493440	5.001341355	1269248			glot500:1.0
fij_latn	10mb	1.210673556					10.00065124	3043840	5.000126558	1543168	35.47712246	10642944	wiki:0.007167989922325883,nllb:0.5340493854501163,glot500:0.024274040936770238,madlad400:0.4345085836907876
fil_latn	1000mb	1.328161865	1000.001491	274955776	100.0005508	27497472	10.00093389	2831360	5.000084084	1441280			madlad400:1.0
fin_latn	1000mb	1.05886439	1000.000355	186050560	100.000068	18592768	10.0003703	1954816	5.002075856	1005568			oscar:1.0
fip_latn	dropped	1.278028827											madlad400:1.0
fon_latn	10mb	1.541191249					10.00035395	3507200	5.000461173	1781760	40.84056151	13993984	nllb:0.8163858046610203,glot500:0.039144143861151524,madlad400:0.14447005147782824
fra_latn	1000mb	1.173979035	1000.001575	251415552	100.0010183	25136640	10.00141199	2567680	5.001742642	1299968			oscar:0.9982796094153004,bible:0.0017203905846996884
frp_latn	dropped	1.189308553											wiki:0.6143766014497435,madlad400:0.38562339855025657
frr_latn	5mb	1.169852216							5.001463659	1413632	5.676107657	1594368	tatoeba:0.0005826488049870953,wiki:0.4823694393878958,glot500:0.5170479118071171
fry_latn	100mb	1.23134294			100.0001007	28158976	10.00106518	2880512	5.001898984	1459200	472.8104675	133072384	tatoeba:1.1029531314912277e-05,oscar:0.0644226836753189,wiki:0.12665879669843605,glot500:0.1378619480687311,madlad400:0.671045542026199
ful_latn	10mb	1.258383084					10.00148695	3298304	5.00112174	1678336	24.02556215	7806464	speechcorpus:0.019897146139575664,wiki:0.03618330152744928,wortschatz:0.0027589240889475584,glot500:0.26913347044788405,madlad400:0.007583648913075223,nllb:0.6644435088830682
fur_latn	10mb	1.067269167					10.00134866	2675200	5.0002719	1356800	20.71905189	5487616	nllb:0.7256517088007743,wiki:0.11612949931368526,glot500:0.15821879188554042
fuv_latn	10mb	1.110831498					10.00109425	2944512	5.000411192	1498624	21.22699787	6159872	nllb:1.0
gag_latn	dropped	1.236979087											tatoeba:6.308457575280698e-05,wiki:0.1709991584161803,madlad400:0.8289377570080669
gan_hant	dropped	0.7487619733											tatoeba:3.306980914229163e-05,wiki:0.7152081111668172,wortschatz:0.28475881902404054
gaz_latn	10mb	1.332217666					10.0003084	3301376	5.001130393	1680384	79.04481137	25565184	nllb:0.9608434573816675,bible:0.0391565426183325
gbm_deva	dropped	2.514509755											tatoeba:0.0011456564451757486,madlad400:0.9988543435548243
gla_latn	100mb	0.9936126744			100.0018152	22136320	10.00152399	2257408	5.000932585	1152000	558.8389916	123736064	oscar:0.00154465690483385,wiki:0.0049333005672494564,nllb:0.21156938645238912,glot500:0.03700487427060204,madlad400:0.7449477818049255
gle_latn	100mb	1.975875656			100.0004314	41451520	10.0011759	4237312	5.00067247	2154496	976.7049463	404823040	oscar:0.022138088538567833,wiki:0.008339715603715983,nllb:0.05854216394832219,glot500:0.4332256887572741,madlad400:0.4777543431521199
glg_latn	1000mb	1.059078607	1000.002275	222080000	100.0019982	22216704	10.00079402	2284544	5.000548557	1159680			oscar:0.1922996642675927,glot500:0.8077003357324073
glk_arab	10mb	1.682310821					10.00002691	2629632	5.000979685	1339392	98.72659598	25519104	wiki:0.011369572277906269,wortschatz:0.501616808122508,bible:0.00045046707093812345,glot500:0.4865631525286476
glv_latn	5mb	1.224310206							5.000192739	1482240	6.625499782	1939968	tatoeba:2.1345220369473605e-05,wiki:0.16677534040729247,glot500:0.4105657895154574,madlad400:0.4226375248568806
gom_deva	10mb	1.736906273					10.00061389	1950208	5.00060316	1005568	11.49749374	2219520	tatoeba:1.1721075162377536e-06,oscar:0.03470372153084753,wiki:0.29875619101203504,glot500:0.34122880500349256,madlad400:0.3253101103461086
gom_latn	10mb	1.2133745					10.0009865	2713600	5.000330071	1382400	10.37977228	2806784	glot500:0.44564755064034467,madlad400:0.5543524493596553
gor_latn	dropped	1.174690305											wiki:0.40719505169747533,glot500:0.5928049483025246
grc_grek	100mb	1.76699504			100.0002722	23190528	10.00194602	2419200	5.00080917	1236992	205.4513232	47620608	tatoeba:6.424699231082633e-05,bible:0.02441046848550569,glot500:0.0026854403476154805,madlad400:0.972839844174568
grn_latn	10mb	0.992314188					10.00179189	2616320	5.001300052	1328128	60.37913065	15366656	americasnlp:0.04053095192688028,oscar:0.0002705878733745574,wiki:0.061235562706495064,nllb:0.4998971380075462,glot500:0.15494529568597562,madlad400:0.2431204637997283
gsw_latn	100mb	1.142566025			100.0007243	29948928	10.00044615	3087360	5.001743336	1583104	128.808326	38605824	tatoeba:2.525359598067693e-05,oscar:0.023783357429276352,wortschatz:0.1172499897963212,glot500:0.20376954695738986,madlad400:0.6551718522210319
guc_latn	dropped	1.823976595											bible:0.9995378912566812,glot500:0.00046210874331879305
gug_latn	dropped	1.347975623											glot500:1.0
guj_cyrl	dropped	1.82540304											glot500:1.0
guj_deva	dropped	2.283611901											glot500:1.0
guj_gujr	1000mb	2.162862919	1000.001074	193794560	100.0011403	19382784	10.00209668	2025472	5.001774229	1037312			tatoeba:1.180265450078477e-06,oscar:0.1358995646944223,bible:0.0028350763049904953,glot500:0.8612641787351372
guj_latn	100mb	1.190454087			100.0018962	24248320	10.00196239	2509312	5.000468363	1281024	101.6000645	24635392	glot500:0.9966020676780531,madlad400:0.0033979323219468973
gvc_latn	dropped	1.608582661											americasnlp:0.09402986076612199,bible:0.905970139233878
gym_latn	dropped	1.896043519											bible:0.4642522530726868,glot500:0.5357477469273132
hak_latn	dropped	1.201770952											tatoeba:0.00010622937932829393,wiki:0.9998937706206718
hat_latn	100mb	0.9657950702			100.0017426	23884288	10.00127491	2456064	5.000944972	1244160	775.7954571	185333248	cmu:0.0013368235411762189,tatoeba:1.3682717469785804e-06,wiki:0.01817595009274412,nllb:0.18397610495830136,bible:0.006260317576632625,glot500:0.4318761175882097,madlad400:0.358373317971189
hau_latn	1000mb	1.176529442	1000.001443	277416448	100.0015731	27744768	10.00164941	2834944	5.000706987	1437184			afriberta:0.08316913495399753,wiki:0.03077820361794756,nllb:0.29980447477341765,bible:0.0023962603180544928,glot500:0.27126321951418064,madlad400:0.31258870682240214
haw_latn	100mb	1.114669379			100.0014373	33245184	10.00094127	3372544	5.000848776	1701376	260.9451408	86747136	ulukau:0.01786010177722358,tatoeba:4.7357887420954645e-06,wiki:0.0026199343403200334,bible:0.010232419333414424,glot500:0.43942199329140447,madlad400:0.5298608154688954
hbo_hebr	dropped	1.349251405											tatoeba:0.0008103069405097173,bible:0.9991896930594902
hch_latn	dropped	1.280574158											americasnlp:0.40440756960718377,bible:0.5955924303928163
heb_hebr	1000mb	1.355477183	1000.002551	192904704	100.0014258	19294720	10.00242879	2010112	5.000101872	1029120			oscar:0.9995173932153368,bible:0.00048260678466318995
hif_latn	10mb	1.281123121					10.00139939	3238912	5.000404641	1656320	27.99644188	8768000	tatoeba:1.161349917410154e-05,wiki:0.031144854046761403,glot500:0.740614270884069,madlad400:0.22822926156999557
hil_latn	10mb	1.351057958					10.00044737	2877952	5.001562636	1474560	32.12320593	9034752	tatoeba:2.2657640927401375e-05,wortschatz:0.00012882735301250438,glot500:0.00017070492383004625,madlad400:0.99967781008223
hin_deva	1000mb	2.370151128	1000.002171	228020736	100.0014422	22815232	10.00208034	2381312	5.000459196	1220096			oscar:0.9971689732541851,bible:0.0028310267458149076
hin_latn	100mb	1.255306654			100.000872	28580352	10.00157926	2972160	5.000022089	1517568	131.862752	37683712	glot500:0.2554439346784446,madlad400:0.7445560653215554
hmn_latn	100mb	1.18983824			100.0008631	28903424	10.00137296	2942464	5.001749648	1492480	345.9672399	100051968	glot500:0.45451146420044375,madlad400:0.5454885357995563
hmo_latn	dropped	1.311302599											wiki:5.275359523664577e-05,bible:0.29409459373770513,glot500:0.2937765423120234,madlad400:0.4120761103550349
hne_deva	5mb	2.165410702							5.000570096	1249280	8.609037993	2106880	nllb:0.7735712236153228,glot500:0.15415782908628164,madlad400:0.07227094729839555
hrv_latn	1000mb	0.989672823	1000.000766	219422208	100.0008909	21938176	10.00068383	2284544	5.001096206	1167872			oscar:0.019692998735624252,wiki:0.042783028104806525,nllb:0.18116178245714223,bible:0.0004504796413924704,glot500:0.17571315430638432,madlad400:0.5801985567546503
hsb_latn	10mb	1.124658236					10.00189201	2439680	5.001770702	1250816	10.30561793	2503680	tatoeba:0.0014609342769449267,oscar:0.05869258725903899,wiki:0.41062958596884025,glot500:0.5292168924951759
hui_latn	dropped	1.405387305											bible:0.28602018876527524,glot500:0.28624641243516946,madlad400:0.4277333987995553
hun_latn	1000mb	1.01995535	1000.002187	191089664	100.0015325	19105280	10.00178391	1982464	5.002131716	1011200			oscar:0.9999084934050441,bible:9.150659495589186e-05
hus_latn	dropped	1.60400448											bible:0.6620032701913949,glot500:0.3379967298086051
hvn_latn	dropped	1.346511296											bible:0.09057164014821902,madlad400:0.9094283598517809
hye_armn	1000mb	1.724226492	1000.00163	203630592	100.0020372	20388352	10.00231238	2113024	5.002058622	1075200			oscar:0.5258957667081463,nllb:0.24276300408846901,glot500:0.23134122920338465
iba_latn	10mb	1.298224214					10.00171608	2683392	5.001738473	1380352	19.98087365	5278208	tatoeba:6.223792535190428e-05,glot500:5.592582887638272e-05,madlad400:0.9998818362457718
ibo_latn	100mb	1.345020968			100.0006871	30829568	10.00111025	3140096	5.001348052	1595904	388.3131403	119706112	afriberta:0.04937910998150857,wiki:0.04921773991942626,nllb:0.26523819124801856,bible:0.005306419117275167,glot500:0.31783296838939573,madlad400:0.3130255713443757
ido_latn	10mb	1.17576321					10.00045166	2877952	5.001155016	1463808	26.18141062	7369216	tatoeba:0.0029534060695151415,oscar:0.002750575541390774,wiki:0.39866489016665146,glot500:0.5956311282224426
ikk_latn	dropped	1.353598775											bible:0.5021394289552306,glot500:0.49786057104476944
iku_cans	10mb	2.158751414					10.00147764	1916416	5.000582248	978944	74.40661438	13798400	nrc:0.5041058673884157,wiki:0.000603063203913962,glot500:0.4246450093129057,madlad400:0.07064606009476461
ile_latn	dropped	1.214615138											tatoeba:0.018939920187153302,wiki:0.4298778292877183,glot500:0.5511822505251284
ilo_latn	10mb	1.07650844					10.00002657	2679808	5.000795907	1353216	97.44434239	25450496	oscar:0.005100818250573715,wiki:0.07125469169893726,nllb:0.4164934069059347,bible:0.028697633417841113,glot500:0.12207896062183675,madlad400:0.35637448910487646
ina_latn	10mb	1.238452493					10.00073098	2965504	5.000086511	1511936	19.15311766	5581824	tatoeba:0.024016272938445455,wiki:0.2253752275121811,glot500:0.7506084995493735
ind_latn	1000mb	1.178746238	1000.002157	210432000	100.0018207	21039104	10.00149958	2166272	5.000569088	1107456			oscar:0.9996782068120657,bible:0.0003217931879343777
inh_cyrl	5mb	1.700418497							5.000321424	1463296	9.585926508	2764800	webcorpora:0.8948455265508999,wiki:0.1051544734491001
isl_latn	1000mb	1.154319145	1000.000599	236872704	100.0003315	23691264	10.00169499	2450944	5.00183509	1242624			oscar:0.09115638300137498,wiki:0.018569706803233194,nllb:0.08863571609410194,bible:0.0003455539825128945,glot500:0.801292640118777
iso_latn	5mb	1.483217547							5.000339308	1655808	8.109585831	2638336	madlad400:1.0
ita_latn	1000mb	1.066886932	1000.001726	216099840	100.0015736	21613056	10.00024434	2230784	5.001913361	1134080			oscar:0.999262564191516,bible:0.0007374358084840032
ium_latn	dropped	1.350416571											madlad400:1.0
ixl_latn	dropped	1.51161802											bible:0.5683824908394719,glot500:0.4316175091605281
jam_latn	dropped	1.153345444											tatoeba:0.00016398695056016248,wiki:0.4070370008925703,glot500:0.5927990121568696
jav_latn	100mb	1.146845795			100.0002525	24784896	10.00169688	2544128	5.001060323	1295360	465.5786301	115332096	nusa:0.010521706489650643,oscar:0.0008930430191868486,wiki:0.06691938458273043,nllb:0.3881475190885071,glot500:0.0678232001784336,madlad400:0.4656951466414914
jbo_latn	dropped	1.284031149											tatoeba:0.07121601284512684,oscar:0.10942132131647948,wiki:0.34545843662662096,glot500:0.4739042292117727
jpn_jpan	1000mb	1.321973899	1000.001113	219063296	100.0012308	21925376	10.00158022	2249728	5.000726569	1158656			oscar:0.9999176152535771,bible:8.238474642280928e-05
kaa_cyrl	1000mb	1.920886208	1000.001829	212100608	100.0024084	21218304	10.00135454	2196480	5.001533127	1123840			glot500:0.0048617383437392124,madlad400:0.9951382616562607
kaa_latn	100mb	1.22736123			100.0017363	23462912	10.00134737	2451968	5.00049688	1245184	165.2165223	38767104	tatoeba:3.8587048867205433e-07,wiki:0.016567683048327984,glot500:0.008164886897320188,madlad400:0.9752670441838631
kab_latn	10mb	1.028599141					10.00126449	3166720	5.001749783	1610240	45.19258955	14035456	wiki:0.06196597277533464,nllb:0.7342841140103596,glot500:0.20374991321430577
kac_latn	10mb	1.345469973					10.00071297	3521536	5.000205978	1790976	12.74348023	4453888	nllb:0.4249734500565013,glot500:0.0,madlad400:0.5750265499434987
kal_latn	100mb	1.341175059			100.0023607	21407744	10.00141697	2224640	5.001944342	1158144	140.4369189	30082048	tatoeba:2.768817568157059e-06,wiki:0.0007922653836365597,wortschatz:0.02549388775880612,glot500:0.1383885016088553,madlad400:0.8353225764311338
kam_latn	dropped	1.217599867											nllb:0.9993652323772574,glot500:0.0006347676227426001
kan_knda	1000mb	2.641985282	1000.001717	212683264	100.0021256	21264896	10.00106593	2210304	5.001820446	1132544			oscar:0.03593245058531588,wiki:0.0300208628524471,nllb:0.03166220138322826,bible:0.0027012693614478023,glot500:0.4918478781942452,madlad400:0.40783533762331575
kan_latn	dropped	1.227726425											madlad400:1.0
kas_arab	dropped	1.776246006											wiki:0.29535577638800375,nllb:0.7046442236119962
kas_deva	5mb	2.525878379							5.001128105	1443840	6.95976219	1990656	nllb:1.0
kat_geor	1000mb	4.338956454	1000.001664	354762752	100.001179	35512320	10.0006369	3629568	5.000214506	1849344			oscar:0.24584195766076924,nllb:0.07594985422543636,glot500:0.07780201752201905,madlad400:0.6004061705917754
kat_latn	5mb	1.200493595							5.000256195	1290240	5.566897714	1422336	glot500:1.0
kaz_cyrl	1000mb	1.764638392	1000.001513	199970304	100.0022801	19991552	10.00216252	2080256	5.000646042	1064448			oscar:0.2684523603647531,nllb:0.047976900861562595,glot500:0.6835707387736842
kbd_cyrl	10mb	1.783468787					10.00116017	2855936	5.001011549	1452544	34.89371581	9802752	webcorpora:0.3538457082282591,wiki:0.022493572221916315,glot500:0.03045494435966147,madlad400:0.5932057751901632
kbp_latn	10mb	1.441209593					10.00039486	3401216	5.000814618	1736704	13.93482468	4698624	wiki:0.0869494301798406,nllb:0.34121980980620886,glot500:0.08647776508437027,madlad400:0.48535299492958023
kea_latn	10mb	0.781652324					10.00103307	2084864	5.000478793	1060864	15.7427007	3247616	nllb:0.9994528606135125,glot500:0.0005471393864874866
kek_latn	dropped	1.44524468											tatoeba:5.1243502524454216e-05,bible:0.1866601516678272,glot500:0.19214152420174982,madlad400:0.6211470806278986
kha_latn	10mb	1.303114193					10.00084035	3059200	5.00107975	1558528	20.55857587	6209536	tatoeba:0.001388804804833323,madlad400:0.9986111951951667
khk_cyrl	100mb	1.801810967			100.0004923	21806592	10.00000694	2262016	5.000511014	1152512	108.2513691	23605760	nllb:1.0
khm_khmr	100mb	3.903484241			100.0004721	31746048	10.00003422	3212288	5.001058745	1639424	742.3746816	235559424	oscar:0.15834079941446208,wiki:0.015807879011465523,nllb:0.20621723665478342,glot500:0.06367408104585384,madlad400:0.5559600038734351
kik_latn	5mb	1.292947561							5.000177838	1467904	8.355126605	2418176	wiki:0.033343049319361426,nllb:0.5684771090686556,bible:0.3717631298733046,glot500:0.026416711738678354
kin_latn	100mb	1.133982717			100.0013627	23874560	10.00145314	2482176	5.001597393	1273856	810.9642735	193561088	afriberta:0.023425403782179947,wiki:0.007988018372953806,nllb:0.2790107099055262,glot500:0.07876584181700712,madlad400:0.6108100261223329
kir_cyrl	1000mb	1.963770708	1000.000822	223066112	100.0022122	22320128	10.00095679	2309632	5.000016529	1176064			oscar:0.083207848160085,wiki:0.031032457918277936,nllb:0.1362164437483821,glot500:0.09535938690024924,madlad400:0.6541838632730057
kjh_cyrl	5mb	1.926386897							5.000488227	1045504	6.171701551	1271808	webcorpora:0.3207691222556373,tatoeba:3.625138027419942e-05,glot500:0.3538389516795739,madlad400:0.32535567468451454
kmb_latn	10mb	1.132798568					10.00083185	3038208	5.000362077	1547264	11.0905375	3359744	nllb:0.6873143879185004,glot500:0.0,madlad400:0.3126856120814996
kmr_latn	10mb	1.034619587					10.00129966	2366464	5.00156659	1204736	53.71389844	12299264	nllb:0.9885869436460977,glot500:0.011413056353902298
knc_arab	100mb	2.50197962			100.0000577	107119104	10.00038547	10667008	5.00033842	5341184	221.6497959	237422592	nllb:1.0
knc_latn	10mb	1.176891381					10.00144733	3413504	5.000230841	1741824	10.06710762	3433472	nllb:1.0
knv_latn	dropped	1.725421133											bible:0.4917344115242069,glot500:0.5082655884757931
koi_cyrl	dropped	1.382110442											webcorpora:0.36908559688163073,tatoeba:8.743175279142685e-05,wiki:0.455412720468132,madlad400:0.17541425089744583
kom_cyrl	10mb	1.614292695					10.00121852	2624512	5.001344568	1335808	18.20465402	4716032	oscar:0.008640476410833908,wiki:0.1373518905352375,glot500:0.1104413692453398,madlad400:0.25401216192034304,webcorpora:0.489532311503677,tatoeba:2.179038456877992e-05
kon_latn	10mb	1.230994587					10.00153545	3147264	5.000800219	1603072	11.31748925	3549184	wiki:0.013441389556225614,nllb:0.8064647870166762,glot500:0.014223209587546136,madlad400:0.165870613839552
kor_hang	1000mb	1.293311204	1000.002557	227021824	100.0011348	22707712	10.00140798	2388480	5.002001823	1224192			oscar:1.0
kpg_latn	dropped	1.389904231											bible:0.7837397342374887,glot500:0.21626026576251134
kpv_cyrl	5mb	1.671354249							5.002749649	1319936	5.190006111	1355776	webcorpora:0.9999709229954175,tatoeba:2.9077004582503434e-05
krc_cyrl	10mb	1.865302377					10.00168832	2235904	5.00050561	1133056	21.02479549	4627456	webcorpora:0.20413640343841805,tatoeba:3.935185633594881e-05,oscar:0.0346451931027928,wiki:0.0624319778402339,glot500:0.11405884825630502,madlad400:0.5846882255059143
kri_latn	dropped	1.320383401											madlad400:1.0
ksd_latn	dropped	1.034940916											bible:0.5016057197541216,glot500:0.49839428024587834
ksh_latn	dropped	1.190825361											tatoeba:0.0003395262777417131,wiki:0.370501660899422,glot500:0.6291588128228363
kua_latn	dropped	1.257954911											wiki:6.917069031846487e-05,glot500:2.5792460796715715e-05,madlad400:0.9999050368488848
kum_cyrl	10mb	1.964075989					10.00170111	2011136	5.001876227	1034240	11.03859683	2208768	webcorpora:0.15685057215724238,tatoeba:2.375881156785999e-05,madlad400:0.8431256690311898
kur_arab	100mb	1.569891339			100.000402	21803008	10.00182089	2251776	5.000325056	1137664	902.3881605	196483584	glot500:0.19238796560498553,oscar:0.15056614713524452,wiki:0.03325865876966754,nllb:0.18932822553000808,bible:0.0025532824833653526,madlad400:0.431905720476729
kur_latn	100mb	1.288322619			100.0007972	27687424	10.00062469	2879488	5.000412088	1465344	685.5333374	189872128	tatoeba:1.780027926291676e-05,oscar:0.08338836186296551,wiki:0.022723601474225964,glot500:0.13408230139117014,madlad400:0.7161671605169488,nllb:0.043620774475426616
lad_latn	dropped	1.252402258											tatoeba:0.008928508555292773,wiki:0.9910714914447072
lao_laoo	100mb	2.706914388			100.0017448	23282688	10.00168536	2371072	5.001448904	1210368	532.9824198	124077056	tatoeba:6.094341958647283e-06,oscar:0.06034797586396369,wiki:0.004113895504948662,nllb:0.23721071242263161,glot500:0.01645417571816685,madlad400:0.6818671461483305
lat_latn	1000mb	0.87538342	1000.002351	188774912	100.00187	18896384	10.00115812	1958400	5.001821944	996352			tatoeba:0.0007094036982952899,oscar:0.005214801054862628,wiki:0.04549102546476552,bible:0.0021199949564240273,glot500:0.1381392602949476,madlad400:0.8083255145307049
lav_latn	1000mb	1.288843709	1000.001455	243401728	100.0000116	24353792	10.00175266	2522112	5.001630492	1297408			oscar:1.0
lbe_cyrl	10mb	2.012712204					10.00090332	2419712	5.001886538	1228800	10.24308243	2470912	webcorpora:0.991177210667128,wiki:0.008822789332871908
lez_cyrl	5mb	1.829893752							5.001264538	1280512	9.38227136	2358784	webcorpora:0.7087414567138504,oscar:0.07235412274679533,wiki:0.21890442053935436
lfn_latn	5mb	1.301456056							5.000139705	1562112	5.116849756	1593344	wiki:0.4901338680271891,glot500:0.5098661319728109
lij_latn	10mb	1.14375901					10.00077834	3113472	5.001238998	1587200	27.89235762	8498176	wiki:0.20329583287280914,nllb:0.5841626652584296,glot500:0.21254150186876117
lim_latn	100mb	0.997886276			100.0003069	27896320	10.00160091	2859008	5.000785425	1457152	142.3130116	39700480	wiki:0.13209957671437622,nllb:0.40971332001216887,glot500:0.4581871032734549
lin_latn	10mb	1.139208008					10.00133771	2863616	5.000327387	1453056	47.32958831	13213184	wiki:0.017410327692981776,nllb:0.4958207030608541,bible:0.057853883271183605,glot500:0.15444675559757448,madlad400:0.27446833037740603
lit_latn	1000mb	1.030036841	1000.000782	201228800	100.0001299	20116480	10.00088694	2102272	5.001405571	1074176			oscar:0.9998359469763333,bible:0.0001640530236667517
lmo_latn	100mb	0.9431924587			100.001264	28895232	10.00045825	2956288	5.001409691	1500672	123.2393649	35603456	oscar:0.006597120864898313,wiki:0.17792592061599963,nllb:0.4448817374035068,glot500:0.3705952211155953
lrc_arab	dropped	1.29045801											madlad400:1.0
ltg_latn	10mb	1.002770005					10.00052948	2201088	5.000258259	1123840	18.70103803	4046848	wiki:0.030915059962378137,nllb:0.31876004319711915,madlad400:0.6503248968405028
ltz_latn	100mb	1.225348993			100.0009269	27672064	10.00149596	2828288	5.000395019	1438720	579.0668913	160200192	oscar:0.038592541043192576,wiki:0.06941307801906811,nllb:0.27850226033866177,madlad400:0.6134921205990775
lua_latn	10mb	1.185565668					10.00027567	3083776	5.001343587	1572352	20.82343043	6322688	nllb:1.0,glot500:0.0
lub_latn	5mb	1.296565957							5.000498404	1353728	8.613928923	2269184	madlad400:1.0
lug_latn	100mb	1.217417428			100.0004602	28298240	10.00071604	2915328	5.001811918	1493504	132.4246354	37459968	makerere_parallel:0.00371845300286015,makerere_radio:0.004959874509699659,wiki:0.022948904865630847,nllb:0.4049928589172972,bible:0.018565525036512206,glot500:0.3320498858226999,madlad400:0.21276449784530002
luo_latn	10mb	1.035745154					10.00059486	2912256	5.001361397	1478656	34.49614675	9859072	nllb:0.8895975475178368,bible:0.09451369054097614,glot500:0.015888761941187008
lus_latn	100mb	1.168842547			100.0013896	29448192	10.00043935	3007488	5.001230502	1528320	213.0281556	62735360	nllb:0.39883228323283304,glot500:0.05794777600546131,madlad400:0.5432199407617057
lvs_latn	10mb	1.206980036					10.00158274	2438656	5.001669183	1250816	35.41691556	8333312	glot500:1.0
lzh_hant	10mb	0.7					10.00221857	1841152	5.002705714	934400	15.20327714	2767872	tatoeba:0.0012192878463083523,wiki:0.5382277899490947,glot500:0.46055292220459687
mad_latn	5mb	1.285380683							5.000117928	1423872	7.294532368	2044416	nusa:0.45952751983714246,tatoeba:1.3989706009369454e-05,wiki:0.11138595235401567,wortschatz:0.08750665379961284,glot500:0.08488388804689975,madlad400:0.25668199625631993
mag_deva	5mb	2.555403846							5.001596917	1400832	9.076528171	2488832	nllb:0.7772700895621373,madlad400:0.22272991043786275
mah_latn	dropped	1.329797952											tatoeba:0.00028304982428367106,wiki:0.0015417448393504382,glot500:0.0011856364321026927,madlad400:0.9969895689042632
mai_deva	10mb	2.38980971					10.00123771	2728448	5.001104041	1388032	41.73338512	11159040	oscar:0.00015781067567750118,wiki:0.08756516081731588,nllb:0.6700767430453041,bible:0.01834623426890203,glot500:0.10368670636299292,madlad400:0.12016734482980757
mak_latn	dropped	1.350644682											nusa:1.0
mal_latn	5mb	1.265435969							5.002051591	1235456	6.379526266	1556480	madlad400:1.0
mal_mlym	1000mb	2.884868527	1000.001717	244708864	100.0009796	24480768	10.00028729	2520576	5.00036688	1291264			oscar:0.20262042678888914,bible:0.0030417323257620294,glot500:0.7943378408853489
mam_latn	5mb	1.34382757							5.001020332	1960448	9.266234953	3580416	bible:0.17406180569231236,glot500:0.3557200412510845,madlad400:0.4702181530566032
mar_deva	1000mb	2.479356527	1000.00056	206630400	100.0011549	20673536	10.00200848	2164736	5.000990727	1110016			oscar:0.11134504710256914,bible:0.0008391478179518181,glot500:0.48539052899841656,madlad400:0.4024252760810625
mas_latn	dropped	1.471281217											madlad400:1.0
mau_latn	dropped	1.711021462											bible:0.5015914032894955,glot500:0.4984085967105045
maz_latn	dropped	1.542437887											bible:0.6054307902072522,madlad400:0.39456920979274773
mco_latn	dropped	1.552517657											bible:0.5075391254055518,glot500:0.49246087459444815
mdf_cyrl	5mb	1.712267834							5.001381693	1070592	6.166190702	1302016	webcorpora:0.021756051856181735,tatoeba:2.791710626960177e-05,wiki:0.18393648136870358,madlad400:0.7942795496688451
meo_latn	5mb	1.276200961							5.00062858	1542656	5.443039311	1670656	madlad400:1.0
meu_latn	dropped	1.026417682											bible:0.5016181644826935,glot500:0.4983818355173066
mfe_latn	dropped	1.271803452											tatoeba:4.947951357832036e-05,madlad400:0.9999505204864216
mgh_latn	5mb	1.113355123							5.000690153	1097728	5.765909607	1251328	bible:0.14613620907493602,madlad400:0.853863790925064
mhr_cyrl	10mb	1.810192209					10.00239653	2406400	5.002260031	1223680	27.85679439	6580224	webcorpora:0.8557926104734229,tatoeba:0.0007223401878914909,oscar:0.029501577697696263,wiki:0.043753686973880435,glot500:0.07022978466710889
mic_latn	dropped	1.274023451											tatoeba:0.00015994692131796263,bible:0.9998400530786821
min_latn	10mb	0.949751483					10.00108151	2451968	5.000912433	1248768	75.07034132	17732608	nusa:0.0461822406656831,wiki:0.2418903232703902,nllb:0.19752530980909663,glot500:0.45693851514794287,madlad400:0.057463611106887164
mkd_cyrl	1000mb	1.834986754	1000.001357	221346304	100.0016202	22130688	10.00005095	2286592	5.001855735	1167872			oscar:0.27559360902715513,glot500:0.7244063909728449
mkw_cyrl	5mb	1.808563089							5.000463918	1236480	9.370186674	2266112	wortschatz:1.0
mlg_latn	100mb	1.266754162			100.0013261	29208576	10.00031054	3002880	5.001510309	1525760	720.7990748	210497024	oscar:0.0226036625686394,wiki:0.02552205590992962,glot500:0.3472851280454823,madlad400:0.3299233397627708,nllb:0.27224028176578613,bible:0.0024255319473917595
mlt_latn	1000mb	1.08846667	1000.001074	283158528	100.0009161	28329472	10.00096035	2927616	5.001353882	1488384			oscar:0.004213316931778006,wiki:0.004141203301789013,nllb:0.0423827529789643,glot500:0.9492627267874687
mlt_mlym	dropped	1.364530509											glot500:1.0
mni_beng	dropped	3.010658291											nllb:0.7158201276487879,madlad400:0.2841798723512121
mns_cyrl	dropped	1.982860003											webcorpora:1.0
mon_cyrl	1000mb	1.783772557	1000.00122	205737472	100.0022622	20547584	10.00061467	2161152	5.002432605	1102336			oscar:0.11630161098233267,glot500:0.2477329593629162,madlad400:0.6359654296547511
mon_latn	10mb	1.181843271					10.00025334	2661376	5.001387836	1357312	49.20735524	12692480	glot500:1.0
mos_latn	10mb	1.141292925					10.00024191	3417088	5.00132091	1732608	10.36577466	3537920	nllb:0.9998767053305069,glot500:0.0001232946694931256
mps_latn	dropped	1.804393042											bible:0.7926603434760391,glot500:0.20733965652396089
mri_latn	100mb	1.182543083			100.0016318	30222848	10.00093203	3083264	5.001495576	1563648	450.1706175	136011776	wiki:0.0021786156346035924,nllb:0.17449506203237092,wortschatz:0.010446518052748115,glot500:0.42282203820253356,madlad400:0.39005776607774384
mrj_cyrl	5mb	1.51492647							5.001261217	1060352	8.743651434	1812992	oscar:0.026492406569970817,wiki:0.2790362091885801,madlad400:0.694471384241449
msa_latn	1000mb	1.285705434	1000.000839	236371456	100.0012449	23629824	10.00054107	2433536	5.001442656	1240064			oscar:0.01001807542683517,wiki:0.05117811426156974,glot500:0.11031265702171071,madlad400:0.8284911532898844
msi_latn	dropped	1.277078369											madlad400:1.0
mus_latn	dropped	1.321850762											nusa:0.9999845203198946,wiki:1.5479680105374404e-05
mwl_latn	5mb	1.241381732							5.00026489	1428992	8.122294525	2293760	tatoeba:2.831043049623667e-06,wiki:0.3618262958321525,glot500:0.6381708731247979
mya_mymr	100mb	5			100.0004518	41403392	10.0003972	4187136	5.00062	2134016	762.1402062	315374592	oscar:0.1224461019714914,wiki:0.04088638648232952,nllb:0.14621932996729783,bible:0.004847208725442721,glot500:0.11753961685680778,madlad400:0.5680613559966308
myv_cyrl	10mb	1.773695539					10.00110651	2331648	5.001859567	1186304	16.80794327	3851776	webcorpora:0.324683151431096,tatoeba:1.5539897684731502e-05,oscar:4.5924359442911e-05,wiki:0.13245906397196971,glot500:0.13565059673611374,madlad400:0.4071457236036929
mzh_latn	dropped	1.394010995											glot500:1.0
mzn_arab	dropped	1.493955306											oscar:0.03222087395777537,wiki:0.33456249237090474,wortschatz:0.12957195794042511,glot500:0.5036446757308948
nah_latn	dropped	1.283512003											americasnlp:0.788975869074178,tatoeba:0.0012798137867588214,oscar:0.0035875345869005463,wiki:0.20615678255216255
nan_latn	10mb	1.14871192					10.00124818	3804160	5.000621045	1916416	44.37755727	16624128	wiki:0.42068030973671117,glot500:0.49982495995433796,madlad400:0.07949473030895088
nap_latn	5mb	1.23163545							5.001734376	1590784	6.731326595	2123776	wiki:0.3780184559765788,glot500:0.6219815440234212
naq_latn	dropped	1.44203448											glot500:1.0
nav_latn	dropped	1.351024496											tatoeba:8.179577355930981e-05,wiki:0.31559168122662323,wortschatz:0.031249383127051018,glot500:0.3289140309572153,madlad400:0.32416310891555117
nbl_latn	dropped	1.257793314											wortschatz:0.006938458616238811,glot500:0.758082827075927,madlad400:0.23497871430783418
nch_latn	dropped	1.47267491											tatoeba:0.00012930625717539067,bible:0.795158634230827,glot500:0.20471205951199764
ncj_latn	dropped	1.316655619											bible:0.5015593551862877,glot500:0.4984406448137123
ndc_latn	dropped	1.234394313											madlad400:1.0
nde_latn	10mb	0.969100135					10.00160798	1741824	5.000860226	903168	10.17132114	1766912	bible:0.34130274050588316,glot500:0.6586972594941168
ndo_latn	dropped	1.33381137											wiki:0.006414748064423483,wortschatz:0.4950299324355979,glot500:0.4985553194999786
nds_latn	10mb	1.135906023					10.00050759	2784768	5.000109859	1411072	75.35308453	20312064	tatoeba:0.002797412122754318,oscar:0.06630495842013158,wiki:0.3373725137269423,glot500:0.5935251157301717
nep_deva	1000mb	2.629966681	1000.001345	215368192	100.0014813	21534720	10.00159211	2264064	5.001282371	1160192			glot500:0.059798163097028414,oscar:0.23990859677182924,nllb:0.161203818598342,bible:0.0024206917141948755,madlad400:0.5366687298186055
new_deva	10mb	2.561603163					10.00073835	2376704	5.001367966	1222144	12.43848128	2927616	oscar:0.03629410891404936,wiki:0.24625282481755448,bible:0.03650854890317324,glot500:0.47701015232945554,madlad400:0.2039343650357674
ngu_latn	5mb	1.435018628							5.000985952	1273856	5.992481096	1508864	tatoeba:8.387526752588608e-05,bible:0.0969637356243444,glot500:0.094974355086182,madlad400:0.8079780340219477
nhe_latn	5mb	1.492247034							5.001709389	1266176	5.020421438	1268224	bible:0.43688665648393005,madlad400:0.5631133435160699
nia_latn	dropped	1.349841437											madlad400:1.0
nij_latn	dropped	1.298286309											nusa:0.11036624876640759,madlad400:0.8896337512335925
nld_latn	1000mb	1.051605721	1000.001811	216978432	100.002345	21698560	10.0012246	2228224	5.000377898	1130496			oscar:0.9991321159513685,bible:0.000867884048631496
nnb_latn	5mb	1.307887294							5.000568499	1378816	6.491052434	1764352	glot500:0.05987955384068868,madlad400:0.9401204461593113
nno_latn	100mb	1.033289113			100.0013982	23257088	10.00174672	2394112	5.001198537	1218560	498.9348214	116016128	tatoeba:5.1098068026316674e-05,oscar:0.07551797455611109,wiki:0.21535412961092246,glot500:0.7090767977649401
noa_latn	dropped	1.956453567											bible:0.6912208585068048,madlad400:0.30877914149319524
nob_latn	1000mb	0.9976190383	1000.001323	205949952	100.000807	20589568	10.00069627	2123776	5.000428826	1070592			oscar:0.9997117341800891,bible:0.0002882658199108838
nog_cyrl	dropped	1.828168823											webcorpora:0.6542170591365806,tatoeba:0.00042874193347416673,madlad400:0.34535419892994523
nor_latn	1000mb	1.125315993	1000.000802	255482880	100.0007562	25547264	10.00070478	2615808	5.000288852	1321984			bible:0.0007157313100599626,glot500:0.99928426868994
nrm_latn	dropped	1.20871541											wiki:1.0
nso_latn	10mb	1.115696353					10.00003	3006464	5.001039921	1531392	59.4009399	17516544	wiki:0.017167949161218422,nllb:0.4687464453994985,glot500:0.22916546250299255,madlad400:0.28492014293629053
nus_latn	dropped	1.293421156											nllb:1.0
nya_latn	100mb	1.21429492			100.0022886	25321984	10.00016948	2604544	5.000804088	1328640	444.1260785	112440832	wiki:0.0015782267531382773,nllb:0.3517650589837795,bible:0.00450595559284548,glot500:0.3450779777410398,madlad400:0.29707278092919687
nyu_latn	dropped	1.097526914											bible:0.46200350809059826,glot500:0.0007837907696581026,madlad400:0.5372127011397436
nzi_latn	5mb	1.418370521							5.001045141	1508864	5.070540381	1514496	madlad400:1.0
oci_latn	100mb	1.014733462			100.0012464	26584576	10.0010844	2745344	5.000791034	1392640	375.3845499	99783680	oscar:0.007299695785858353,wiki:0.13020472702652816,nllb:0.2707770956053849,glot500:0.3378811772144157,madlad400:0.25383730436781293
olo_latn	dropped	1.207984711											wiki:1.0
ood_latn	dropped	1.307405545											tatoeba:0.0005057136216005679,bible:0.9994942863783994
ori_orya	100mb	2.595114712			100.0013706	21361664	10.00096176	2215424	5.001274103	1127936	774.553687	165528576	oscar:0.08351621321466822,wiki:0.014385331753433733,glot500:0.4428208955097324,nllb:0.26838846653137627,bible:0.002499889768295813,madlad400:0.18838920322249356
orm_latn	100mb	1.264405846			100.0014793	28832256	10.00031046	2964992	5.001395732	1502208	137.9040073	39742976	afriberta:0.14695114951151786,wiki:0.0073096645832424504,glot500:0.326708085061022,madlad400:0.2309954912370789,nllb:0.27675713098395943,bible:0.011278478623179312
oss_cyrl	10mb	1.846676453					10.00047841	3687936	5.001230717	1863680	38.6030503	14059008	tatoeba:0.0001668750772292099,oscar:0.05451713198806881,wiki:0.07228849993581728,glot500:0.15358282350391275,madlad400:0.719444669494972
ote_latn	dropped	1.508806656											bible:0.5327389916057665,glot500:0.46726100839423346
otq_latn	10mb	1.252835364					10.00088388	3298304	5.000039255	1678336	17.48013955	5702656	bible:0.0464065752566348,madlad400:0.9535934247433652
pag_latn	10mb	1.043908443					10.00068428	2927104	5.001141063	1487360	36.42990151	10441728	wiki:0.009581507390075818,nllb:0.9689102445005945,glot500:0.02150824810932965
pam_latn	10mb	1.18679287					10.00123903	3049472	5.000859236	1563648	38.14329087	11270656	tatoeba:0.0006644922446233607,oscar:4.45601623714131e-05,wiki:0.05561883629461124,wortschatz:0.025801148080105585,glot500:0.9178709632182884
pan_guru	1000mb	2.220967698	1000.00144	215775232	100.0016405	21575680	10.00000587	2234880	5.001083095	1149440			oscar:0.05733242146439695,wiki:0.024890647795837245,nllb:0.11386357979238011,bible:0.0012997903423086336,glot500:0.802613560605077
pap_latn	100mb	1.001675271			100.0018348	23498240	10.00111043	2404864	5.000073521	1222656	255.5051765	60037632	wiki:0.010106635241091434,nllb:0.25461390138484413,glot500:0.052872034089807236,madlad400:0.6824074292842572
pau_latn	dropped	1.365566678											tatoeba:0.0002869370417289152,glot500:7.223241501856373e-05,madlad400:0.9996408305432525
pbt_arab	100mb	1.736020956			100.0012667	26925568	10.00115172	2789888	5.001308282	1431552	225.105189	60608000	nllb:1.0
pcd_latn	dropped	1.174340715											tatoeba:0.0010873639718064888,wiki:0.5203794928980814,glot500:0.4785331431301121
pck_latn	5mb	1.321489762							5.000439798	1586688	6.940008361	2163712	madlad400:1.0
pcm_latn	10mb	0.954503897					10.00202428	2189824	5.002196523	1119744	24.61797217	5281280	afriberta:0.48401603059851805,wiki:0.003449486346488777,bible:0.03191307686403966,glot500:0.4806214061909535
pdc_latn	dropped	1.129005051											tatoeba:0.00034524879270690336,wiki:0.14422053129125792,bible:0.8554342199160352
pes_arab	1000mb	1.59732627	1000.001785	215946240	100.001311	21595648	10.00061935	2219520	5.00000041	1141760			oscar:0.999288838125763,bible:0.0007111618742370435
pfl_latn	dropped	1.169695391											wiki:0.3820038443270561,glot500:0.617996155672944
pir_latn	dropped	1.723878311											americasnlp:0.05778625407010463,bible:0.9422137459298954
pls_latn	dropped	1.433475806											bible:0.5007013899835233,glot500:0.49929861001647674
plt_latn	100mb	1.151182211			100.0011944	26322944	10.0000721	2701312	5.001101476	1370624	370.5776566	97517568	nllb:0.9580020792047611,glot500:0.041997920795238904
pms_latn	10mb	1.22629916					10.00130312	3209216	5.000616901	1628672	16.75298438	5307904	tatoeba:0.0004051501322731789,oscar:0.0663121660920959,wiki:0.3763179671053535,glot500:0.5569647166702775
pnb_arab	100mb	1.414617177			100.0006232	24761344	10.00159531	2564608	5.001311224	1317376	121.5779117	30110208	tatoeba:2.316471907371181e-06,oscar:0.0711696260050267,wiki:0.41730991459554684,glot500:0.5115181429275191
poh_latn	dropped	2.753523348											bible:0.6746350177949205,glot500:0.3253649822050795
pol_latn	1000mb	1.077373477	1000.002277	216235008	100.0004812	21622272	10.00208492	2247680	5.000667939	1149440			oscar:0.9995544909538078,bible:0.0004455090461922592
pon_latn	5mb	0.897776051							5.0018206	1015808	7.017020386	1412608	bible:0.8041175920042166,glot500:0.1958824079957834
por_latn	1000mb	1.097878434	1000.002074	225242112	100.000844	22529024	10.00042597	2304000	5.000512652	1167360			oscar:0.9988445380643588,bible:0.0011554619356412038
prs_arab	100mb	1.66404538			100.001048	23078400	10.00110316	2368000	5.000798866	1207808	162.6994626	37549568	nllb:0.9928229067544297,glot500:0.007177093245570234
pus_arab	1000mb	1.585665259	1000.001582	237871616	100.0000051	23777792	10.0012975	2475008	5.001189849	1271296			tatoeba:7.261857658241788e-07,oscar:0.1168419954113849,wiki:0.040725059336524566,glot500:0.06731763246626159,madlad400:0.605613829544459,nllb:0.16950075705560416
qub_latn	dropped	1.203967909											bible:0.9984060330678973,glot500:0.0015939669321027162
quc_latn	dropped	1.452707367											tatoeba:2.4562805239200012e-05,bible:0.97359498436786,glot500:0.026380452826900814
que_latn	100mb	1.21478134			100.0008249	29125632	10.00135218	2995712	5.001375805	1530368	139.3849555	40595968	americasnlp:0.16314583586380568,tatoeba:4.4501116427932e-05,oscar:0.000973464050693601,wiki:0.03769085750534746,glot500:0.07989985137001787,madlad400:0.05283279239413418,nllb:0.6654126976995733
quh_latn	dropped	1.293227583											bible:0.5036201389464197,glot500:0.4963798610535803
quy_latn	100mb	1.163741957			100.0006101	28205056	10.00069526	2911232	5.000838717	1487360	123.5796613	34850816	americasnlp:0.13179477223927522,nllb:0.8682052277607248,glot500:0.0
quz_latn	5mb	1.297913163							5.001900015	1143808	9.320173416	2070528	americasnlp:0.9999007251809112,glot500:9.927481908874652e-05
qvi_latn	dropped	1.401139223											glot500:1.0
rcf_latn	dropped	1.393222905											madlad400:1.0
rej_latn	dropped	1.412256394											nusa:1.0
rki_mymr	dropped	1.983187213											madlad400:1.0
rmc_latn	5mb	1.024618866							5.000028957	1112576	5.611439718	1241600	bible:0.5485237482054384,madlad400:0.4514762517945616
roh_latn	10mb	1.273368995					10.00186203	2795008	5.000870939	1427968	86.73276597	23623680	tatoeba:6.4546702434971295e-06,oscar:1.79382359678011e-05,wiki:0.0935087193974026,glot500:0.34718477015250837,madlad400:0.5592821175438777
ron_latn	1000mb	1.115120928	1000.001387	230580224	100.0014099	23056896	10.00052615	2388480	5.001072852	1217024			oscar:0.999877122925568,bible:0.00012287707443207042
rop_latn	dropped	1.529233618											bible:0.8380354950507026,glot500:0.16196450494929737
rue_cyrl	5mb	1.560953869							5.000122652	1158144	5.033680953	1160704	tatoeba:0.00016462914826321755,wiki:0.42055514868025706,wortschatz:0.06388841935016243,glot500:0.5153918028213172
rug_latn	dropped	1.350650271											bible:0.504011216826979,glot500:0.495988783173021
run_latn	10mb	1.119232514					10.00148802	2714624	5.000083736	1390080	90.58638128	23721984	wiki:0.0036629199920276048,nllb:0.826966497853531,glot500:0.16937058215444134
rup_latn	dropped	1.23688755											wiki:1.0
rus_cyrl	1000mb	1.822744411	1000.000881	220467712	100.002364	22044160	10.00134297	2305024	5.000747746	1175552			oscar:0.9996444178841075,bible:0.0003555821158924639
rus_latn	10mb	1.182252535					10.00075927	2831360	5.001716492	1441792	26.62054179	7373824	madlad400:1.0
sag_latn	10mb	1.162464677					10.0015796	3138048	5.001132608	1600000	15.87161862	4929024	tatoeba:5.7843466279924495e-06,wiki:0.002465265849138115,nllb:0.34276525869998814,glot500:0.04938017323324221,madlad400:0.6053835178710035
sah_cyrl	100mb	1.881497141			100.0006957	22938624	10.00103247	2382848	5.000099545	1221120	206.0556423	47289344	webcorpora:0.1921725376499836,tatoeba:7.282749442720149e-05,oscar:0.04136714204386249,wiki:0.05947911283080295,glot500:0.3157614106328627,madlad400:0.39114696934806104
san_deva	100mb	2.542780452			100.0013807	26692608	10.00040211	2752000	5.000802563	1414656	119.3386817	31856128	oscar:0.07305090475829223,wiki:0.09736561121132965,nllb:0.370745750023978,bible:0.007847507390843533,glot500:0.05497672587256005,madlad400:0.3960135007429965
san_latn	5mb	0.966275057							5.000985573	1022464	5.724564015	1164800	bible:0.9891275108243283,glot500:0.010872489175671757
sat_olck	5mb	2.803663545							5.000225484	1335296	8.485258501	2224128	wiki:0.5213518258436377,nllb:0.06000093683176143,glot500:0.41864723732460085
scn_latn	100mb	1.036272745			100.0002989	28128768	10.00000383	2887680	5.001526128	1465856	113.8029234	32010752	oscar:2.1174986162102724e-05,wiki:0.08702711000916989,nllb:0.6807639468496927,glot500:0.23218776815497538
sco_latn	10mb	1.193629502					10.00029068	3004928	5.001473644	1531904	42.97399835	12578304	tatoeba:3.8091770353380294e-05,wiki:0.04155316887201683,glot500:0.9584087393576298
seh_latn	dropped	1.255638564											wortschatz:0.0001450560458397369,bible:0.04463977382739749,glot500:0.12022393681432944,madlad400:0.8349912333124333
sgs_latn	dropped	1.244480653											tatoeba:6.553891114965878e-05,wiki:0.41183755685943374,glot500:0.5880969042294166
shn_mymr	10mb	2.819448606					10.00057704	1934336	5.000723181	991744	11.65798409	2238976	nllb:0.6730922286225954,madlad400:0.32690777137740457
shp_latn	dropped	1.292768165											americasnlp:0.3757557518007885,bible:0.6242442481992115
sin_sinh	1000mb	2.446318518	1000.001943	233098752	100.0001979	23275008	10.00067727	2403328	5.001433341	1219584			oscar:0.08709039371197089,nllb:0.18719796462992935,glot500:0.19081015892491537,madlad400:0.5349014827331844
skr_arab	dropped	1.573857549											wortschatz:0.005429425289231702,madlad400:0.9945705747107683
slk_latn	1000mb	1.041506091	1000.001311	211206144	100.0004492	21123584	10.00235052	2200576	5.000653419	1126912			oscar:1.0
slv_latn	1000mb	0.9721500484	1000.002509	198052864	100.0023454	19798528	10.00054777	2060800	5.000685856	1051136			oscar:1.0
sme_latn	10mb	1.267947826					10.00018435	2453504	5.000817756	1250304	66.64208675	15802880	tatoeba:1.2311037863167908e-05,wiki:0.01962298584293993,wortschatz:0.01974866345221606,glot500:0.2099483888285525,madlad400:0.7506676508384283
smi_latn	dropped	1.28726552											wortschatz:1.0
smo_latn	100mb	1.178001518			100.0011216	32361984	10.00137421	3292160	5.000880653	1656832	314.9337547	101910016	tatoeba:2.4780666084721133e-06,wiki:0.0011208456143357373,nllb:0.24139511363348454,glot500:0.3224767832731531,madlad400:0.43500477941241816
sna_latn	100mb	1.119177764			100.0003812	24935936	10.00091528	2586112	5.00169605	1326080	608.1138985	151712256	wiki:0.005360139461827506,nllb:0.27939181961671444,wortschatz:0.010729075866143354,bible:0.0036277708651724252,glot500:0.4575185092374251,madlad400:0.24337268495271716
snd_arab	100mb	1.587969761			100.00084	24961536	10.00204562	2576896	5.000333882	1313280	459.139129	114626048	oscar:0.04066660081278573,wiki:0.02622768572325941,nllb:0.35078569939223964,glot500:0.050934853985443285,madlad400:0.5313851600862719
som_latn	1000mb	1.42230286	1000.000456	302652928	100.0009702	30258688	10.00021824	3095552	5.001377132	1582592			afriberta:0.07646650159200727,wiki:0.004175354472633851,nllb:0.30773954684114935,bible:0.0017735268563866553,glot500:0.22301601241097263,madlad400:0.38682905782685023
sot_latn	100mb	1.166011747			100.001369	28273152	10.00042498	2891776	5.001345839	1468928	332.9141228	94144000	wiki:0.0010724473274078647,nllb:0.326572883482718,glot500:0.3403981730883241,madlad400:0.33195649610155004
spa_latn	1000mb	1.083831966	1000.001434	221790720	100.0015993	22170112	10.00022083	2274304	5.000173615	1154560			oscar:0.9975353147964586,bible:0.0024646852035413802
sqi_latn	1000mb	1.335619892	1000.000037	274664448	100.0020286	27465728	10.00074425	2828800	5.000654018	1440768			oscar:0.6265815391293075,glot500:0.3734184608706925
srd_latn	10mb	1.109372772					10.00078171	2811904	5.001047984	1436160	24.71270347	6834176	tatoeba:6.800868758440736e-06,wiki:0.22421645416463293,nllb:0.3342496132575937,glot500:0.4415271317090149
srm_latn	dropped	1.704153048											bible:0.29225954464671877,glot500:0.3341421945645988,madlad400:0.37359826078868236
srn_latn	10mb	1.060725469					10.00128432	2716160	5.000606806	1371648	11.47170626	3098112	wiki:0.016567376146979666,bible:0.051841410061413545,glot500:0.06835173264508541,madlad400:0.8632394811465214
srp_cyrl	1000mb	1.424878645	1000.000673	184423424	100.0007533	18430976	10.0019444	1928704	5.002277927	983040			oscar:1.0
srp_latn	1000mb	0.826257686	1000.000844	207482368	100.0000052	20746752	10.00009214	2127872	5.00125332	1075200			oscar:0.0075253836254310785,bible:0.0030981419314824264,glot500:0.9893764744430865
ssw_latn	10mb	1.141426619					10.0014559	2698752	5.000866374	1381888	20.967948	5566976	wiki:0.020102836216065654,nllb:0.6330477245857171,glot500:0.20076953159427602,madlad400:0.14607990760394124
stq_latn	dropped	1.211209311											tatoeba:0.00022730466829763368,wiki:0.507386219137883,madlad400:0.4923864761938194
sun_latn	100mb	1.096980852			100.00173	24632320	10.00141978	2532864	5.001801069	1292288	577.9640626	142266368	nusa:0.008113063582397297,oscar:0.0002458625188871477,wiki:0.025588830433758692,nllb:0.3202342836442526,glot500:0.38548370046619745,madlad400:0.2603342593545068
sus_latn	dropped	1.063260268											wortschatz:0.00015604228979727484,bible:0.9998439577102027
suz_deva	dropped	2.98006217											bible:0.4640441959676464,glot500:0.4496514998240299,madlad400:0.08630430420832369
swa_latn	1000mb	1.258733422	1000.001074	260033024	100.0007411	26009088	10.00185645	2701312	5.001100224	1378304			afriberta:0.05073035168895032,oscar:0.001838036895809618,wiki:0.012307836425437552,glot500:0.3561041023875646,madlad400:0.5790196726022379
swc_latn	dropped	1.32578343											glot500:1.0
swe_latn	1000mb	1.020981292	1000.000073	206359552	100.0014287	20646400	10.00213429	2131968	5.002041698	1081856			oscar:0.999665954893051,bible:0.0003340451069489682
syr_syrc	10mb	1.410191627					10.00030119	2210304	5.000387087	1134592	12.16572037	2641408	madlad400:1.0
szl_latn	10mb	1.066563024					10.00078944	2886656	5.000104068	1477120	27.04153675	7593472	wiki:0.2649988850788962,nllb:0.3946050039464071,glot500:0.34039611097469674
tab_cyrl	dropped	1.932598008											webcorpora:0.020585970891168665,madlad400:0.9794140291088314
tam_latn	5mb	1.267529359							5.001157532	1298944	9.002935451	2260992	madlad400:1.0
tam_taml	1000mb	2.729099655	1000.000252	200523264	100.000618	20064256	10.00026802	2080768	5.002299193	1067008			oscar:0.3339716867035245,nllb:0.19807646379845487,bible:0.002898740156698658,glot500:0.10417164165914833,madlad400:0.3608814676821736
taq_latn	dropped	1.209249095											nllb:0.43216335771261943,bible:0.5678366422873806
tar_latn	dropped	1.349043297											americasnlp:1.0
tat_cyrl	1000mb	1.854541191	1000.000969	232933888	100.0009409	23312896	10.00066652	2400256	5.000407133	1224192			webcorpora:0.018116199834940228,oscar:0.10012565101425212,wiki:0.04695122823845855,nllb:0.12138419983658445,glot500:0.2838275029971753,madlad400:0.4295952180785893
tat_latn	dropped	1.146769274											glot500:1.0
tbz_latn	5mb	1.330093026							5.000988555	1835008	5.117530028	1868800	bible:0.4628388902180488,madlad400:0.5371611097819512
tca_latn	dropped	1.998569176											bible:0.3994527526190658,glot500:0.41140519324413144,madlad400:0.18914205413680274
tcy_knda	5mb	2.669467794							5.001919495	1153024	5.28667588	1210368	wiki:0.5560952770454576,madlad400:0.4439047229545424
tdt_latn	dropped	1.216321913											bible:0.5152559715584308,glot500:0.4847440284415692
tdx_latn	5mb	1.000930264							5.00150528	1250304	5.233422535	1303552	bible:0.7199496499877404,madlad400:0.28005035001225964
tel_latn	10mb	1.276370327					10.0018245	2678272	5.001277345	1368576	20.01763944	5266432	madlad400:1.0
tel_telu	1000mb	2.619819498	1000.002123	209365504	100.0001637	20939776	10.0010661	2165760	5.000244862	1104384			oscar:0.18594260961204603,bible:0.0029811910668021474,glot500:0.8110761993211518
tet_latn	10mb	1.400532559					10.00088853	2990592	5.000126527	1519616	96.02773112	28032512	tatoeba:6.6262925470671135e-06,wiki:0.00713763921734069,bible:0.010193375653338653,madlad400:0.9826623588367736
tgk_cyrl	1000mb	1.746052186	1000.000725	216990208	100.001168	21698048	10.00193817	2288128	5.000056168	1173504			oscar:0.09475988668184748,wiki:0.024961869736984225,nllb:0.13319249692252916,bible:0.0002852918447669187,madlad400:0.7468004548138722
tgl_latn	1000mb	1.117593432	1000.001192	245370880	100.0013113	24543232	10.00180804	2529280	5.001625658	1286656			oscar:0.22619059749128612,nllb:0.26791553282532515,bible:0.0029279848405297346,glot500:0.502965884842859
tha_thai	1000mb	2.741647235	1000.000597	205872640	100.0011699	20609536	10.00068012	2112512	5.00188092	1081344			tatoeba:3.878239019521705e-06,oscar:0.9989966446009688,bible:0.0009994771600116133
tir_ethi	100mb	1.762985532			100.0017673	22338048	10.00090453	2320896	5.001345637	1187328	252.9800443	56515072	afriberta:0.04867091929719683,tlmd:0.5052195764491941,wiki:0.0006280191172389873,nllb:0.20994448762723086,glot500:0.10085649480089837,madlad400:0.13468050270824083
tiv_latn	5mb	1.309214276							5.001265354	1693696	6.323575255	2119168	madlad400:1.0
tlh_latn	5mb	1.143065822							5.000111884	1486336	5.910164463	1741312	tatoeba:0.04893436183026623,glot500:0.0124341302692174,madlad400:0.9386315079005164
tls_latn	dropped	1.307128591											glot500:1.0
toj_latn	dropped	1.440515645											bible:0.23732237414688553,glot500:0.23251551958529146,madlad400:0.530162106267823
tok_latn	dropped	1.483108783											tatoeba:0.08739700083784074,glot500:0.9126029991621593
ton_latn	10mb	1.270386963					10.00022621	3600896	5.00029848	1825280	17.45940225	6237184	tatoeba:9.467742160787095e-06,wiki:0.014924834922413664,bible:0.1364312509991572,glot500:0.017679456396391083,madlad400:0.8309549899398773
top_latn	dropped	1.643555576											bible:0.5006151982923308,glot500:0.4993848017076692
tpi_latn	10mb	1.176877977					10.00109481	3092480	5.001541137	1567744	16.61455939	5102592	wiki:0.007388595295774747,nllb:0.4807802454997935,bible:0.31841211980856743,glot500:0.19341903939586436
tsg_latn	dropped	1.622134351											bible:0.305690652954366,madlad400:0.694309347045634
tsn_latn	100mb	1.173940296			100.0014399	30919680	10.00038506	3165184	5.001109527	1606656	101.8507767	31488512	tatoeba:8.304831070155928e-06,wiki:0.011404573497219978,nllb:0.5415069982540819,bible:0.007499666811421635,glot500:0.25727939283137435,madlad400:0.18230106377483202
tso_latn	10mb	1.207440889					10.00051357	3090432	5.001316466	1570816	71.84878845	21684224	tatoeba:4.1358183443809085e-07,wiki:0.0054533981618263465,nllb:0.5707934421208268,glot500:0.12394042727430354,madlad400:0.29981231886120885
tuc_latn	dropped	1.524772005											bible:0.5007853992866691,glot500:0.49921460071333096
tuk_latn	100mb	1.78535505			100.0004576	30660608	10.00114235	3155456	5.001327326	1615872	186.4387713	57201664	oscar:0.04239791452578485,wiki:0.023502587671814755,nllb:0.00011662509421679814,glot500:0.10301740633672775,madlad400:0.8309654663714559
tum_latn	10mb	1.20719527					10.00181855	2748928	5.001330087	1408512	36.69320969	9842688	wiki:0.15051117191414057,nllb:0.8253031481792701,glot500:0.024185679906589364
tur_latn	1000mb	1.044489573	1000.001287	186848768	100.0027149	18708992	10.00128127	1941504	5.000358199	991232			oscar:0.9996790927093326,bible:0.0003209072906673731
tvl_latn	dropped	1.440439367											tatoeba:3.081907840602282e-05,glot500:9.149413901788025e-06,madlad400:0.9999600315076922
twi_latn	10mb	1.032409918					10.00031129	3083264	5.000873868	1560576	62.78504701	18900480	wiki:0.07581948720282632,nllb:0.7735013279524109,bible:0.10404267270253742,glot500:0.04663651214222539
tyv_cyrl	10mb	1.860256075					10.00096667	2348032	5.000751845	1196032	68.39410268	15576576	webcorpora:0.499794124306245,tatoeba:7.647607211988666e-06,oscar:3.972841620558679e-05,wiki:0.06315407082759159,glot500:0.0854557580227226,madlad400:0.3515486708200233
tzh_latn	dropped	1.316327988											madlad400:1.0
tzm_tfng	dropped	1.925212613											nllb:1.0
tzo_latn	5mb	1.487549999							5.000072606	1944576	9.021800282	3463680	bible:0.34897468612765464,glot500:0.14338655008051032,madlad400:0.507638763791835
udm_cyrl	10mb	1.740439775					10.0020209	2169344	5.001965093	1106432	51.76690013	10932736	webcorpora:0.10779091404650115,tatoeba:2.2977480668854302e-05,wiki:0.04076910716126547,glot500:0.049650687490301874,madlad400:0.8017663138212626
uig_arab	100mb	2.308625158			100.0005428	26183680	10.00192124	2714624	5.001702403	1388544	397.2060864	104039936	oscar:0.08647125221435555,wiki:0.026772327606661192,nllb:0.16336619381642317,bible:0.005748410017570911,glot500:0.06704952118240258,madlad400:0.6505922951625865
uig_cyrl	dropped	1.959198647											bible:0.8151519552442943,glot500:0.18484804475570568
uig_latn	5mb	1.191355626							5.000787809	1075712	7.875451194	1662976	bible:0.9779453917647745,glot500:0.022054608235225585
ukr_cyrl	1000mb	1.751370357	1000.002584	215392768	100.0020163	21571072	10.00104743	2247168	5.001259137	1143296			oscar:0.9994234160319815,bible:0.0005765839680185251
umb_latn	10mb	1.167261104					10.0001275	2974720	5.000022202	1521152	16.11853071	4743168	nllb:0.9999900335343168,glot500:9.966465683160686e-06
urd_arab	1000mb	1.707950617	1000.00022	247899648	100.0005435	24801792	10.00184362	2564096	5.000244685	1314304			oscar:0.3570993644699986,nllb:0.37891380902136323,bible:0.001500177221388636,glot500:0.2624866492872495
uzb_cyrl	100mb	1.980686782			100.0023395	21101568	10.00184339	2187264	5.00103706	1116160	525.5106852	110868992	glot500:1.0
uzb_latn	1000mb	1.229496706	1000.001848	261058560	100.0005664	26109440	10.00050991	2688512	5.000654307	1364992			oscar:0.006350685977745204,wiki:0.07425106701648077,glot500:0.1551913535332886,madlad400:0.7642068934724854
uzn_cyrl	100mb	2.010315146			100.0015906	21524480	10.00188014	2224128	5.001278076	1135616	208.9236907	44960768	glot500:1.0
uzn_latn	100mb	1.645764497			100.0004835	35738624	10.00040011	3656192	5.000501129	1856512	145.589138	52049408	nllb:1.0
vec_latn	100mb	0.9963413972			100.0013703	26904064	10.00124558	2761216	5.001227505	1401344	150.6979831	40523776	oscar:0.0001360049703626028,wiki:0.10101634558592085,nllb:0.34879265321090624,glot500:0.3355144523564552,madlad400:0.21454054387635504
ven_latn	10mb	1.300531185					10.00191395	2780672	5.00183008	1419264	11.81621647	3268608	wiki:0.010474548006038609,wortschatz:0.09058783506477405,glot500:0.3471721529123601,madlad400:0.5517654640168272
vep_latn	5mb	1.173646093							5.001350915	1290752	6.891100946	1751552	tatoeba:1.5449531174391036e-05,wiki:0.5455117251228435,glot500:0.4544728253459821
vie_latn	1000mb	1.349331266	1000.000227	262306304	100.0008673	26223104	10.00136314	2667520	5.001255188	1358336			oscar:0.9987167807681251,bible:0.0012832192318749016
vls_latn	5mb	1.208907177							5.001482574	1482240	8.494457147	2484736	wiki:0.40286394737664694,glot500:0.5971360526233531
vol_latn	10mb	1.129514541					10.00078162	2876928	5.000688725	1458176	21.39460143	6030336	tatoeba:0.0014816690097166848,oscar:0.0460409543304764,wiki:0.229714575161352,glot500:0.722762801498455
vro_latn	dropped	1.247054415											tatoeba:0.00019473868264372398,wiki:0.9998052613173563
wal_latn	dropped	1.092203607											bible:0.3866866031340676,glot500:0.43572488159567657,madlad400:0.17758851527025585
war_latn	100mb	1.093149717			100.0010458	27957248	10.0008387	2921984	5.000643474	1493504	175.2543398	48998912	oscar:0.011637547440154408,wiki:0.6884724090418497,nllb:0.2581889918496953,madlad400:0.04170105166830063
wln_latn	100mb	1.218380386			100.0002145	28432384	10.00153822	3185664	5.000064896	1670656	102.3238107	29091328	tatoeba:9.519157887756004e-06,oscar:0.0019218395293733024,wiki:0.05484510822623905,glot500:0.8185998010730176,madlad400:0.12462373201348238
wol_latn	10mb	1.078647211					10.00045325	3275776	5.001258934	1657856	37.31605162	12005888	nllb:0.6324103453110205,wiki:0.04503019348072178,bible:0.06803543208645028,glot500:0.17084555262748602,madlad400:0.08367847649432149
wuu_hani	10mb	0.7					10.00051	1715200	5.000122857	867840	24.52807714	4112384	tatoeba:0.002992652629477941,wiki:0.37418089108953184,glot500:0.6228264562809902
xal_cyrl	5mb	1.723396561							5.001193686	1236992	6.054976107	1474048	webcorpora:0.7488105218301148,tatoeba:0.0009085692389366794,oscar:0.0023427853822610843,wiki:0.03152430820217907,madlad400:0.21641381534650836
xav_latn	dropped	2.368366437											bible:0.50823750380443,glot500:0.49176249619557
xho_latn	100mb	1.198781752			100.0003035	26783744	10.00103562	2765824	5.001803699	1416704	477.3588638	127885824	lacuna:0.0009945050717214679,wiki:0.002172062239403991,nllb:0.4102036155430554,glot500:0.2557970612823793,madlad400:0.33083275586343985
xmf_geor	5mb	2.509423461							5.000485381	1267200	5.438823268	1367040	oscar:0.13692773441522335,wiki:0.3736833455071814,glot500:0.48938892007759527
yao_latn	dropped	1.192905305											bible:0.5949304714746001,glot500:0.40506952852539996
yap_latn	dropped	1.396850358											bible:0.5316857689725926,glot500:0.09853285231199556,madlad400:0.3697813787154119
ydd_hebr	100mb	1.806848485			100.0017522	23550976	10.00142231	2403328	5.000252345	1219584	120.1981427	28306432	nllb:1.0
yid_hebr	100mb	1.546105069			100.0003765	19216384	10.00055514	1975296	5.000276601	1005056	446.0354634	85695488	oscar:0.08669010413441794,wiki:0.029488334103551603,glot500:0.09126695167494929,madlad400:0.5813900337554769,nllb:0.2111645763316042
yom_latn	dropped	1.069463555											bible:0.5819802208068597,glot500:0.41801977919314026
yor_latn	100mb	1.374948177			100.0014097	31010816	10.00081765	3184128	5.001127397	1615872	502.5493392	155829248	afriberta:0.02895528649572519,oscar:0.00011221871872149381,wiki:0.009551527951695624,nllb:0.46330229099586007,bible:0.004978193767691537,glot500:0.23424175904412936,madlad400:0.25885872302617674
yua_latn	10mb	1.241346656					10.00086151	3206656	5.001217806	1629696	11.40548527	3645440	madlad400:1.0
yue_hant	10mb	0.862461402					10.00053217	2089984	5.000810459	1060864	78.41878586	16084992	tatoeba:0.0014432892391523808,wiki:0.5260662682919776,glot500:0.47249044246887006
zai_latn	dropped	1.054833032											bible:0.5054378552303779,glot500:0.4945621447696221
zap_latn	5mb	1.075680556							5.001404897	1284608	9.578911641	2395136	bible:0.0815844674528867,madlad400:0.9184155325471133
zea_latn	dropped	1.186593115											wiki:0.44422053159711833,glot500:0.5557794684028816
zho_hans	1000mb	0.9359663918	1000.002699	206204416	100.0009111	20636160	10.00080781	2137088	5.000031027	1085952			oscar:1.0
zho_hant	100mb	0.989382544			100.0022313	24095232	10.00103353	2445824	5.000983725	1239552	177.3236137	42692096	nllb:0.3642318218980981,tatoeba:0.0008983785593267072,wiki:0.3354996238881189,glot500:0.2993701756544563
zho_latn	dropped	1.216752869											madlad400:1.0
zlm_latn	dropped	1.140833352											tatoeba:0.0008223013636541738,bible:0.1924021048373347,glot500:0.8067755937990111
zne_latn	dropped	1.323637271											madlad400:1.0
zsm_latn	100mb	1.143822408			100.0018172	21624832	10.00173711	2225664	5.000569997	1136640	859.5193325	185929728	nllb:0.912303532135374,glot500:0.08769646786462602
zul_latn	100mb	1.163840155			100.0020806	26162688	10.00150317	2683904	5.001899078	1380864	764.1386585	199965696	wiki:0.0032380357370843564,nllb:0.3471065640614732,wortschatz:0.007848913603806261,glot500:0.46890147477698657,madlad400:0.17290501182064957
zza_latn	10mb	1.199780688					10.00114614	3260416	5.000449715	1659392	46.77599711	14813184	tatoeba:0.00018393423141668455,madlad400:0.35784432239270414,wiki:0.11399806738649629,nllb:0.3344703421545195,glot500:0.19350333383486337